ID,Count
18288,95.203125
18289,96.3359375
18290,97.47265625
18291,98.609375
18292,99.74609375
18293,100.87890625
18294,102.015625
18295,138.0859375
18296,139.22265625
18297,140.35546875
18298,141.4921875
18299,142.62890625
18300,143.765625
18301,173.98046875
18302,175.1171875
18303,176.25390625
18304,177.390625
18305,178.52734375
18306,179.66015625
18307,180.796875
18308,172.1171875
18309,173.25390625
18310,174.38671875
18311,175.5234375
18312,66.28125
18313,67.41796875
18314,68.55078125
18315,69.6875
18316,70.82421875
18317,71.9609375
18318,73.09765625
18319,109.1640625
18320,110.30078125
18321,111.4375
18322,112.57421875
18323,113.70703125
18324,114.84375
18325,145.0625
18326,146.19921875
18327,147.33203125
18328,148.46875
18329,149.60546875
18330,150.7421875
18331,151.875
18332,143.1953125
18333,144.33203125
18334,145.46875
18335,146.6015625
18336,64.0703125
18337,65.20703125
18338,66.34375
18339,67.48046875
18340,68.61328125
18341,69.75
18342,70.88671875
18343,106.95703125
18344,108.09375
18345,109.2265625
18346,110.36328125
18347,111.5
18348,112.63671875
18349,142.8515625
18350,143.98828125
18351,145.125
18352,146.26171875
18353,147.39453125
18354,148.53125
18355,149.66796875
18356,140.98828125
18357,142.12109375
18358,143.2578125
18359,144.39453125
18360,104.0390625
18361,105.171875
18362,106.30859375
18363,107.4453125
18364,108.58203125
18365,109.71484375
18366,110.8515625
18367,146.921875
18368,148.05859375
18369,149.19140625
18370,150.328125
18371,151.46484375
18372,152.6015625
18373,182.8203125
18374,183.953125
18375,185.08984375
18376,186.2265625
18377,187.36328125
18378,188.49609375
18379,189.6328125
18380,180.953125
18381,182.08984375
18382,183.22265625
18383,184.359375
18384,101.828125
18385,102.96484375
18386,104.1015625
18387,105.234375
18388,106.37109375
18389,107.5078125
18390,108.64453125
18391,144.7109375
18392,145.84765625
18393,146.984375
18394,148.12109375
18395,149.25390625
18396,150.390625
18397,180.609375
18398,181.74609375
18399,182.8828125
18400,184.015625
18401,185.15234375
18402,186.2890625
18403,187.42578125
18404,178.7421875
18405,179.87890625
18406,181.015625
18407,182.15234375
18408,94.16015625
18409,95.296875
18410,96.43359375
18411,97.5703125
18412,98.703125
18413,99.83984375
18414,100.9765625
18415,137.046875
18416,138.1796875
18417,139.31640625
18418,140.453125
18419,141.58984375
18420,142.72265625
18421,172.94140625
18422,174.078125
18423,175.21484375
18424,176.34765625
18425,177.484375
18426,178.62109375
18427,179.7578125
18428,171.07421875
18429,172.2109375
18430,173.34765625
18431,174.484375
18432,103.12890625
18433,104.26171875
18434,105.3984375
18435,106.53515625
18436,107.671875
18437,108.8046875
18438,109.94140625
18439,146.01171875
18440,147.1484375
18441,148.28125
18442,149.41796875
18443,150.5546875
18444,151.69140625
18445,181.91015625
18446,183.04296875
18447,184.1796875
18448,185.31640625
18449,186.453125
18450,187.5859375
18451,188.72265625
18452,180.04296875
18453,181.1796875
18454,182.3125
18455,183.44921875
18456,103.2578125
18457,104.39453125
18458,105.52734375
18459,106.6640625
18460,107.80078125
18461,108.9375
18462,110.0703125
18463,146.140625
18464,147.27734375
18465,148.4140625
18466,149.55078125
18467,150.68359375
18468,151.8203125
18469,182.0390625
18470,183.17578125
18471,184.30859375
18472,185.4453125
18473,186.58203125
18474,187.71875
18475,188.8515625
18476,180.171875
18477,181.30859375
18478,182.4453125
18479,183.578125
18480,96.76171875
18481,97.89453125
18482,99.03125
18483,100.16796875
18484,101.3046875
18485,102.4375
18486,103.57421875
18487,139.64453125
18488,140.78125
18489,141.9140625
18490,143.05078125
18491,144.1875
18492,145.32421875
18493,175.54296875
18494,176.67578125
18495,177.8125
18496,178.94921875
18497,180.0859375
18498,181.21875
18499,182.35546875
18500,173.67578125
18501,174.8125
18502,175.9453125
18503,177.08203125
18504,65.76171875
18505,66.8984375
18506,68.03125
18507,69.16796875
18508,70.3046875
18509,71.44140625
18510,72.57421875
18511,108.64453125
18512,109.78125
18513,110.91796875
18514,112.05078125
18515,113.1875
18516,114.32421875
18517,144.54296875
18518,145.67578125
18519,146.8125
18520,147.94921875
18521,149.0859375
18522,150.22265625
18523,151.35546875
18524,142.67578125
18525,143.8125
18526,144.94921875
18527,146.08203125
18528,101.4375
18529,102.57421875
18530,103.7109375
18531,104.84765625
18532,105.98046875
18533,107.1171875
18534,108.25390625
18535,144.32421875
18536,145.45703125
18537,146.59375
18538,147.73046875
18539,148.8671875
18540,150.0
18541,180.21875
18542,181.35546875
18543,182.4921875
18544,183.625
18545,184.76171875
18546,185.8984375
18547,187.03515625
18548,178.3515625
18549,179.48828125
18550,180.625
18551,181.76171875
18552,97.1484375
18553,98.28515625
18554,99.421875
18555,100.55859375
18556,101.6953125
18557,102.828125
18558,103.96484375
18559,140.03515625
18560,141.171875
18561,142.3046875
18562,143.44140625
18563,144.578125
18564,145.71484375
18565,175.9296875
18566,177.06640625
18567,178.203125
18568,179.33984375
18569,180.47265625
18570,181.609375
18571,182.74609375
18572,174.06640625
18573,175.203125
18574,176.3359375
18575,177.47265625
18576,63.94140625
18577,65.078125
18578,66.21484375
18579,67.34765625
18580,68.484375
18581,69.62109375
18582,70.7578125
18583,106.82421875
18584,107.9609375
18585,109.09765625
18586,110.234375
18587,111.37109375
18588,112.50390625
18589,142.72265625
18590,143.859375
18591,144.99609375
18592,146.12890625
18593,147.265625
18594,148.40234375
18595,149.5390625
18596,140.85546875
18597,141.9921875
18598,143.12890625
18599,144.265625
18600,99.62109375
18601,100.75390625
18602,101.890625
18603,103.02734375
18604,104.1640625
18605,105.296875
18606,106.43359375
18607,142.50390625
18608,143.640625
18609,144.7734375
18610,145.91015625
18611,147.046875
18612,148.18359375
18613,178.3984375
18614,179.53515625
18615,180.671875
18616,181.80859375
18617,182.9453125
18618,184.078125
18619,185.21484375
18620,176.53515625
18621,177.671875
18622,178.8046875
18623,179.94140625
18624,95.33203125
18625,96.46875
18626,97.6015625
18627,98.73828125
18628,99.875
18629,101.01171875
18630,102.14453125
18631,138.21484375
18632,139.3515625
18633,140.48828125
18634,141.62109375
18635,142.7578125
18636,143.89453125
18637,174.11328125
18638,175.25
18639,176.3828125
18640,177.51953125
18641,178.65625
18642,179.79296875
18643,180.92578125
18644,172.24609375
18645,173.3828125
18646,174.51953125
18647,175.65234375
18648,104.296875
18649,105.43359375
18650,106.5703125
18651,107.703125
18652,108.83984375
18653,109.9765625
18654,111.11328125
18655,147.18359375
18656,148.31640625
18657,149.453125
18658,150.58984375
18659,151.7265625
18660,152.859375
18661,183.078125
18662,184.21484375
18663,185.3515625
18664,186.484375
18665,187.62109375
18666,188.7578125
18667,189.89453125
18668,181.2109375
18669,182.34765625
18670,183.484375
18671,184.62109375
18672,100.0078125
18673,101.14453125
18674,102.28125
18675,103.41796875
18676,104.55078125
18677,105.6875
18678,106.82421875
18679,142.89453125
18680,144.03125
18681,145.1640625
18682,146.30078125
18683,147.4375
18684,148.57421875
18685,178.7890625
18686,179.92578125
18687,181.0625
18688,182.19921875
18689,183.33203125
18690,184.46875
18691,185.60546875
18692,176.92578125
18693,178.05859375
18694,179.1953125
18695,180.33203125
18696,104.16796875
18697,105.3046875
18698,106.4375
18699,107.57421875
18700,108.7109375
18701,109.84765625
18702,110.98046875
18703,147.05078125
18704,148.1875
18705,149.32421875
18706,150.4609375
18707,151.59375
18708,152.73046875
18709,182.94921875
18710,184.0859375
18711,185.21875
18712,186.35546875
18713,187.4921875
18714,188.62890625
18715,189.76171875
18716,181.08203125
18717,182.21875
18718,183.35546875
18719,184.48828125
18720,101.95703125
18721,103.09375
18722,104.23046875
18723,105.3671875
18724,106.5
18725,107.63671875
18726,108.7734375
18727,144.84375
18728,145.9765625
18729,147.11328125
18730,148.25
18731,149.38671875
18732,150.5234375
18733,180.73828125
18734,181.875
18735,183.01171875
18736,184.1484375
18737,185.28125
18738,186.41796875
18739,187.5546875
18740,178.875
18741,180.0078125
18742,181.14453125
18743,182.28125
18744,99.75
18745,100.88671875
18746,102.01953125
18747,103.15625
18748,104.29296875
18749,105.4296875
18750,106.5625
18751,142.6328125
18752,143.76953125
18753,144.90625
18754,146.0390625
18755,147.17578125
18756,148.3125
18757,178.53125
18758,179.66796875
18759,180.80078125
18760,181.9375
18761,183.07421875
18762,184.2109375
18763,185.34375
18764,176.6640625
18765,177.80078125
18766,178.9375
18767,180.0703125
18768,97.5390625
18769,98.67578125
18770,99.8125
18771,100.94921875
18772,102.08203125
18773,103.21875
18774,104.35546875
18775,140.42578125
18776,141.55859375
18777,142.6953125
18778,143.83203125
18779,144.96875
18780,146.10546875
18781,176.3203125
18782,177.45703125
18783,178.59375
18784,179.73046875
18785,180.86328125
18786,182.0
18787,183.13671875
18788,174.45703125
18789,175.58984375
18790,176.7265625
18791,177.86328125
18792,95.33203125
18793,96.46875
18794,97.6015625
18795,98.73828125
18796,99.875
18797,101.01171875
18798,102.14453125
18799,138.21484375
18800,139.3515625
18801,140.48828125
18802,141.62109375
18803,142.7578125
18804,143.89453125
18805,174.11328125
18806,175.25
18807,176.3828125
18808,177.51953125
18809,178.65625
18810,179.79296875
18811,180.92578125
18812,172.24609375
18813,173.3828125
18814,174.51953125
18815,175.65234375
18816,66.41015625
18817,67.546875
18818,68.68359375
18819,69.8203125
18820,70.953125
18821,72.08984375
18822,73.2265625
18823,109.296875
18824,110.4296875
18825,111.56640625
18826,112.703125
18827,113.83984375
18828,114.97265625
18829,145.19140625
18830,146.328125
18831,147.46484375
18832,148.59765625
18833,149.734375
18834,150.87109375
18835,152.0078125
18836,143.32421875
18837,144.4609375
18838,145.59765625
18839,146.734375
18840,64.203125
18841,65.3359375
18842,66.47265625
18843,67.609375
18844,68.74609375
18845,69.8828125
18846,71.015625
18847,107.0859375
18848,108.22265625
18849,109.359375
18850,110.4921875
18851,111.62890625
18852,112.765625
18853,142.984375
18854,144.1171875
18855,145.25390625
18856,146.390625
18857,147.52734375
18858,148.66015625
18859,149.796875
18860,141.1171875
18861,142.25390625
18862,143.38671875
18863,144.5234375
18864,104.16796875
18865,105.3046875
18866,106.4375
18867,107.57421875
18868,108.7109375
18869,109.84765625
18870,110.98046875
18871,147.05078125
18872,148.1875
18873,149.32421875
18874,150.4609375
18875,151.59375
18876,152.73046875
18877,182.94921875
18878,184.0859375
18879,185.21875
18880,186.35546875
18881,187.4921875
18882,188.62890625
18883,189.76171875
18884,181.08203125
18885,182.21875
18886,183.35546875
18887,184.48828125
18888,101.95703125
18889,103.09375
18890,104.23046875
18891,105.3671875
18892,106.5
18893,107.63671875
18894,108.7734375
18895,144.84375
18896,145.9765625
18897,147.11328125
18898,148.25
18899,149.38671875
18900,150.5234375
18901,180.73828125
18902,181.875
18903,183.01171875
18904,184.1484375
18905,185.28125
18906,186.41796875
18907,187.5546875
18908,178.875
18909,180.0078125
18910,181.14453125
18911,182.28125
18912,99.75
18913,100.88671875
18914,102.01953125
18915,103.15625
18916,104.29296875
18917,105.4296875
18918,106.5625
18919,142.6328125
18920,143.76953125
18921,144.90625
18922,146.0390625
18923,147.17578125
18924,148.3125
18925,178.53125
18926,179.66796875
18927,180.80078125
18928,181.9375
18929,183.07421875
18930,184.2109375
18931,185.34375
18932,176.6640625
18933,177.80078125
18934,178.9375
18935,180.0703125
18936,97.5390625
18937,98.67578125
18938,99.8125
18939,100.94921875
18940,102.08203125
18941,103.21875
18942,104.35546875
18943,140.42578125
18944,141.55859375
18945,142.6953125
18946,143.83203125
18947,144.96875
18948,146.10546875
18949,176.3203125
18950,177.45703125
18951,178.59375
18952,179.73046875
18953,180.86328125
18954,182.0
18955,183.13671875
18956,174.45703125
18957,175.58984375
18958,176.7265625
18959,177.86328125
18960,95.33203125
18961,96.46875
18962,97.6015625
18963,98.73828125
18964,99.875
18965,101.01171875
18966,102.14453125
18967,138.21484375
18968,139.3515625
18969,140.48828125
18970,141.62109375
18971,142.7578125
18972,143.89453125
18973,174.11328125
18974,175.25
18975,176.3828125
18976,177.51953125
18977,178.65625
18978,179.79296875
18979,180.92578125
18980,172.24609375
18981,173.3828125
18982,174.51953125
18983,175.65234375
18984,66.41015625
18985,67.546875
18986,68.68359375
18987,69.8203125
18988,70.953125
18989,72.08984375
18990,73.2265625
18991,109.296875
18992,110.4296875
18993,111.56640625
18994,112.703125
18995,113.83984375
18996,114.97265625
18997,145.19140625
18998,146.328125
18999,147.46484375
19000,148.59765625
19001,149.734375
19002,150.87109375
19003,152.0078125
19004,143.32421875
19005,144.4609375
19006,145.59765625
19007,146.734375
19008,64.203125
19009,65.3359375
19010,66.47265625
19011,67.609375
19012,68.74609375
19013,69.8828125
19014,71.015625
19015,107.0859375
19016,108.22265625
19017,109.359375
19018,110.4921875
19019,111.62890625
19020,112.765625
19021,142.984375
19022,144.1171875
19023,145.25390625
19024,146.390625
19025,147.52734375
19026,148.66015625
19027,149.796875
19028,141.1171875
19029,142.25390625
19030,143.38671875
19031,144.5234375
19032,104.16796875
19033,105.3046875
19034,106.4375
19035,107.57421875
19036,108.7109375
19037,109.84765625
19038,110.98046875
19039,147.05078125
19040,148.1875
19041,149.32421875
19042,150.4609375
19043,151.59375
19044,152.73046875
19045,182.94921875
19046,184.0859375
19047,185.21875
19048,186.35546875
19049,187.4921875
19050,188.62890625
19051,189.76171875
19052,181.08203125
19053,182.21875
19054,183.35546875
19055,184.48828125
19056,101.95703125
19057,103.09375
19058,104.23046875
19059,105.3671875
19060,106.5
19061,107.63671875
19062,108.7734375
19063,144.84375
19064,145.9765625
19065,147.11328125
19066,148.25
19067,149.38671875
19068,150.5234375
19069,180.73828125
19070,181.875
19071,183.01171875
19072,184.1484375
19073,185.28125
19074,186.41796875
19075,187.5546875
19076,178.875
19077,180.0078125
19078,181.14453125
19079,182.28125
19080,99.75
19081,100.88671875
19082,102.01953125
19083,103.15625
19084,104.29296875
19085,105.4296875
19086,106.5625
19087,142.6328125
19088,143.76953125
19089,144.90625
19090,146.0390625
19091,147.17578125
19092,148.3125
19093,178.53125
19094,179.66796875
19095,180.80078125
19096,181.9375
19097,183.07421875
19098,184.2109375
19099,185.34375
19100,176.6640625
19101,177.80078125
19102,178.9375
19103,180.0703125
19104,97.5390625
19105,98.67578125
19106,99.8125
19107,100.94921875
19108,102.08203125
19109,103.21875
19110,104.35546875
19111,140.42578125
19112,141.55859375
19113,142.6953125
19114,143.83203125
19115,144.96875
19116,146.10546875
19117,176.3203125
19118,177.45703125
19119,178.59375
19120,179.73046875
19121,180.86328125
19122,182.0
19123,183.13671875
19124,174.45703125
19125,175.58984375
19126,176.7265625
19127,177.86328125
19128,95.33203125
19129,96.46875
19130,97.6015625
19131,98.73828125
19132,99.875
19133,101.01171875
19134,102.14453125
19135,138.21484375
19136,139.3515625
19137,140.48828125
19138,141.62109375
19139,142.7578125
19140,143.89453125
19141,174.11328125
19142,175.25
19143,176.3828125
19144,177.51953125
19145,178.65625
19146,179.79296875
19147,180.92578125
19148,172.24609375
19149,173.3828125
19150,174.51953125
19151,175.65234375
19152,65.2421875
19153,66.375
19154,67.51171875
19155,68.6484375
19156,69.78515625
19157,70.91796875
19158,72.0546875
19159,108.125
19160,109.26171875
19161,110.39453125
19162,111.53125
19163,112.66796875
19164,113.8046875
19165,144.0234375
19166,145.15625
19167,146.29296875
19168,147.4296875
19169,148.56640625
19170,149.69921875
19171,150.8359375
19172,142.15625
19173,143.29296875
19174,144.42578125
19175,145.5625
19176,100.91796875
19177,102.0546875
19178,103.19140625
19179,104.32421875
19180,105.4609375
19181,106.59765625
19182,107.734375
19183,143.80078125
19184,144.9375
19185,146.07421875
19186,147.2109375
19187,148.34375
19188,149.48046875
19189,179.69921875
19190,180.8359375
19191,181.97265625
19192,183.10546875
19193,184.2421875
19194,185.37890625
19195,186.515625
19196,177.83203125
19197,178.96875
19198,180.10546875
19199,181.2421875
19200,101.046875
19201,102.18359375
19202,103.3203125
19203,104.45703125
19204,105.58984375
19205,106.7265625
19206,107.86328125
19207,143.93359375
19208,145.06640625
19209,146.203125
19210,147.33984375
19211,148.4765625
19212,149.61328125
19213,179.828125
19214,180.96484375
19215,182.1015625
19216,183.23828125
19217,184.37109375
19218,185.5078125
19219,186.64453125
19220,177.96484375
19221,179.09765625
19222,180.234375
19223,181.37109375
19224,94.55078125
19225,95.6875
19226,96.82421875
19227,97.95703125
19228,99.09375
19229,100.23046875
19230,101.3671875
19231,137.43359375
19232,138.5703125
19233,139.70703125
19234,140.84375
19235,141.9765625
19236,143.11328125
19237,173.33203125
19238,174.46875
19239,175.60546875
19240,176.73828125
19241,177.875
19242,179.01171875
19243,180.1484375
19244,171.46484375
19245,172.6015625
19246,173.73828125
19247,174.875
19248,63.55078125
19249,64.6875
19250,65.82421875
19251,66.9609375
19252,68.09375
19253,69.23046875
19254,70.3671875
19255,106.4375
19256,107.5703125
19257,108.70703125
19258,109.84375
19259,110.98046875
19260,112.11328125
19261,142.33203125
19262,143.46875
19263,144.60546875
19264,145.73828125
19265,146.875
19266,148.01171875
19267,149.1484375
19268,140.46875
19269,141.6015625
19270,142.73828125
19271,143.875
19272,99.23046875
19273,100.36328125
19274,101.5
19275,102.63671875
19276,103.7734375
19277,104.91015625
19278,106.04296875
19279,142.11328125
19280,143.25
19281,144.38671875
19282,145.51953125
19283,146.65625
19284,147.79296875
19285,178.01171875
19286,179.14453125
19287,180.28125
19288,181.41796875
19289,182.5546875
19290,183.6875
19291,184.82421875
19292,176.14453125
19293,177.28125
19294,178.4140625
19295,179.55078125
19296,94.94140625
19297,96.078125
19298,97.2109375
19299,98.34765625
19300,99.484375
19301,100.62109375
19302,101.7578125
19303,137.82421875
19304,138.9609375
19305,140.09765625
19306,141.234375
19307,142.3671875
19308,143.50390625
19309,173.72265625
19310,174.859375
19311,175.9921875
19312,177.12890625
19313,178.265625
19314,179.40234375
19315,180.53515625
19316,171.85546875
19317,172.9921875
19318,174.12890625
19319,175.265625
19320,103.90625
19321,105.04296875
19322,106.1796875
19323,107.31640625
19324,108.44921875
19325,109.5859375
19326,110.72265625
19327,146.79296875
19328,147.92578125
19329,149.0625
19330,150.19921875
19331,151.3359375
19332,152.46875
19333,182.6875
19334,183.82421875
19335,184.9609375
19336,186.09765625
19337,187.23046875
19338,188.3671875
19339,189.50390625
19340,180.82421875
19341,181.95703125
19342,183.09375
19343,184.23046875
19344,97.41015625
19345,98.546875
19346,99.68359375
19347,100.81640625
19348,101.953125
19349,103.08984375
19350,104.2265625
19351,140.29296875
19352,141.4296875
19353,142.56640625
19354,143.703125
19355,144.8359375
19356,145.97265625
19357,176.19140625
19358,177.328125
19359,178.46484375
19360,179.59765625
19361,180.734375
19362,181.87109375
19363,183.0078125
19364,174.32421875
19365,175.4609375
19366,176.59765625
19367,177.734375
19368,66.41015625
19369,67.546875
19370,68.68359375
19371,69.8203125
19372,70.953125
19373,72.08984375
19374,73.2265625
19375,109.296875
19376,110.4296875
19377,111.56640625
19378,112.703125
19379,113.83984375
19380,114.97265625
19381,145.19140625
19382,146.328125
19383,147.46484375
19384,148.59765625
19385,149.734375
19386,150.87109375
19387,152.0078125
19388,143.32421875
19389,144.4609375
19390,145.59765625
19391,146.734375
19392,102.08984375
19393,103.22265625
19394,104.359375
19395,105.49609375
19396,106.6328125
19397,107.765625
19398,108.90234375
19399,144.97265625
19400,146.109375
19401,147.24609375
19402,148.37890625
19403,149.515625
19404,150.65234375
19405,180.87109375
19406,182.00390625
19407,183.140625
19408,184.27734375
19409,185.4140625
19410,186.546875
19411,187.68359375
19412,179.00390625
19413,180.140625
19414,181.2734375
19415,182.41015625
19416,97.80078125
19417,98.9375
19418,100.0703125
19419,101.20703125
19420,102.34375
19421,103.48046875
19422,104.6171875
19423,140.68359375
19424,141.8203125
19425,142.95703125
19426,144.09375
19427,145.2265625
19428,146.36328125
19429,176.58203125
19430,177.71875
19431,178.8515625
19432,179.98828125
19433,181.125
19434,182.26171875
19435,183.39453125
19436,174.71484375
19437,175.8515625
19438,176.98828125
19439,178.12109375
19440,97.671875
19441,98.8046875
19442,99.94140625
19443,101.078125
19444,102.21484375
19445,103.34765625
19446,104.484375
19447,140.5546875
19448,141.69140625
19449,142.828125
19450,143.9609375
19451,145.09765625
19452,146.234375
19453,176.453125
19454,177.5859375
19455,178.72265625
19456,179.859375
19457,180.99609375
19458,182.12890625
19459,183.265625
19460,174.5859375
19461,175.72265625
19462,176.85546875
19463,177.9921875
19464,95.4609375
19465,96.59765625
19466,97.734375
19467,98.8671875
19468,100.00390625
19469,101.140625
19470,102.27734375
19471,138.34375
19472,139.48046875
19473,140.6171875
19474,141.75390625
19475,142.890625
19476,144.0234375
19477,174.2421875
19478,175.37890625
19479,176.515625
19480,177.6484375
19481,178.78515625
19482,179.921875
19483,181.05859375
19484,172.375
19485,173.51171875
19486,174.6484375
19487,175.78515625
19488,66.54296875
19489,67.67578125
19490,68.8125
19491,69.94921875
19492,71.0859375
19493,72.21875
19494,73.35546875
19495,109.42578125
19496,110.5625
19497,111.6953125
19498,112.83203125
19499,113.96875
19500,115.10546875
19501,145.3203125
19502,146.45703125
19503,147.59375
19504,148.73046875
19505,149.86328125
19506,151.0
19507,152.13671875
19508,143.45703125
19509,144.59375
19510,145.7265625
19511,146.86328125
19512,64.33203125
19513,65.46875
19514,66.60546875
19515,67.73828125
19516,68.875
19517,70.01171875
19518,71.1484375
19519,107.21484375
19520,108.3515625
19521,109.48828125
19522,110.625
19523,111.7578125
19524,112.89453125
19525,143.11328125
19526,144.25
19527,145.3828125
19528,146.51953125
19529,147.65625
19530,148.79296875
19531,149.92578125
19532,141.24609375
19533,142.3828125
19534,143.51953125
19535,144.65625
19536,104.296875
19537,105.43359375
19538,106.5703125
19539,107.703125
19540,108.83984375
19541,109.9765625
19542,111.11328125
19543,147.18359375
19544,148.31640625
19545,149.453125
19546,150.58984375
19547,151.7265625
19548,152.859375
19549,183.078125
19550,184.21484375
19551,185.3515625
19552,186.484375
19553,187.62109375
19554,188.7578125
19555,189.89453125
19556,181.2109375
19557,182.34765625
19558,183.484375
19559,184.62109375
19560,102.08984375
19561,103.22265625
19562,104.359375
19563,105.49609375
19564,106.6328125
19565,107.765625
19566,108.90234375
19567,144.97265625
19568,146.109375
19569,147.24609375
19570,148.37890625
19571,149.515625
19572,150.65234375
19573,180.87109375
19574,182.00390625
19575,183.140625
19576,184.27734375
19577,185.4140625
19578,186.546875
19579,187.68359375
19580,179.00390625
19581,180.140625
19582,181.2734375
19583,182.41015625
19584,99.87890625
19585,101.015625
19586,102.15234375
19587,103.28515625
19588,104.421875
19589,105.55859375
19590,106.6953125
19591,142.76171875
19592,143.8984375
19593,145.03515625
19594,146.171875
19595,147.30859375
19596,148.44140625
19597,178.66015625
19598,179.796875
19599,180.93359375
19600,182.06640625
19601,183.203125
19602,184.33984375
19603,185.4765625
19604,176.79296875
19605,177.9296875
19606,179.06640625
19607,180.203125
19608,97.671875
19609,98.8046875
19610,99.94140625
19611,101.078125
19612,102.21484375
19613,103.34765625
19614,104.484375
19615,140.5546875
19616,141.69140625
19617,142.828125
19618,143.9609375
19619,145.09765625
19620,146.234375
19621,176.453125
19622,177.5859375
19623,178.72265625
19624,179.859375
19625,180.99609375
19626,182.12890625
19627,183.265625
19628,174.5859375
19629,175.72265625
19630,176.85546875
19631,177.9921875
19632,95.4609375
19633,96.59765625
19634,97.734375
19635,98.8671875
19636,100.00390625
19637,101.140625
19638,102.27734375
19639,138.34375
19640,139.48046875
19641,140.6171875
19642,141.75390625
19643,142.890625
19644,144.0234375
19645,174.2421875
19646,175.37890625
19647,176.515625
19648,177.6484375
19649,178.78515625
19650,179.921875
19651,181.05859375
19652,172.375
19653,173.51171875
19654,174.6484375
19655,175.78515625
19656,66.54296875
19657,67.67578125
19658,68.8125
19659,69.94921875
19660,71.0859375
19661,72.21875
19662,73.35546875
19663,109.42578125
19664,110.5625
19665,111.6953125
19666,112.83203125
19667,113.96875
19668,115.10546875
19669,145.3203125
19670,146.45703125
19671,147.59375
19672,148.73046875
19673,149.86328125
19674,151.0
19675,152.13671875
19676,143.45703125
19677,144.59375
19678,145.7265625
19679,146.86328125
19680,64.33203125
19681,65.46875
19682,66.60546875
19683,67.73828125
19684,68.875
19685,70.01171875
19686,71.1484375
19687,107.21484375
19688,108.3515625
19689,109.48828125
19690,110.625
19691,111.7578125
19692,112.89453125
19693,143.11328125
19694,144.25
19695,145.3828125
19696,146.51953125
19697,147.65625
19698,148.79296875
19699,149.92578125
19700,141.24609375
19701,142.3828125
19702,143.51953125
19703,144.65625
19704,104.296875
19705,105.43359375
19706,106.5703125
19707,107.703125
19708,108.83984375
19709,109.9765625
19710,111.11328125
19711,147.18359375
19712,148.31640625
19713,149.453125
19714,150.58984375
19715,151.7265625
19716,152.859375
19717,183.078125
19718,184.21484375
19719,185.3515625
19720,186.484375
19721,187.62109375
19722,188.7578125
19723,189.89453125
19724,181.2109375
19725,182.34765625
19726,183.484375
19727,184.62109375
19728,102.08984375
19729,103.22265625
19730,104.359375
19731,105.49609375
19732,106.6328125
19733,107.765625
19734,108.90234375
19735,144.97265625
19736,146.109375
19737,147.24609375
19738,148.37890625
19739,149.515625
19740,150.65234375
19741,180.87109375
19742,182.00390625
19743,183.140625
19744,184.27734375
19745,185.4140625
19746,186.546875
19747,187.68359375
19748,179.00390625
19749,180.140625
19750,181.2734375
19751,182.41015625
19752,99.87890625
19753,101.015625
19754,102.15234375
19755,103.28515625
19756,104.421875
19757,105.55859375
19758,106.6953125
19759,142.76171875
19760,143.8984375
19761,145.03515625
19762,146.171875
19763,147.30859375
19764,148.44140625
19765,178.66015625
19766,179.796875
19767,180.93359375
19768,182.06640625
19769,183.203125
19770,184.33984375
19771,185.4765625
19772,176.79296875
19773,177.9296875
19774,179.06640625
19775,180.203125
19776,97.671875
19777,98.8046875
19778,99.94140625
19779,101.078125
19780,102.21484375
19781,103.34765625
19782,104.484375
19783,140.5546875
19784,141.69140625
19785,142.828125
19786,143.9609375
19787,145.09765625
19788,146.234375
19789,176.453125
19790,177.5859375
19791,178.72265625
19792,179.859375
19793,180.99609375
19794,182.12890625
19795,183.265625
19796,174.5859375
19797,175.72265625
19798,176.85546875
19799,177.9921875
19800,95.4609375
19801,96.59765625
19802,97.734375
19803,98.8671875
19804,100.00390625
19805,101.140625
19806,102.27734375
19807,138.34375
19808,139.48046875
19809,140.6171875
19810,141.75390625
19811,142.890625
19812,144.0234375
19813,174.2421875
19814,175.37890625
19815,176.515625
19816,177.6484375
19817,178.78515625
19818,179.921875
19819,181.05859375
19820,172.375
19821,173.51171875
19822,174.6484375
19823,175.78515625
19824,66.54296875
19825,67.67578125
19826,68.8125
19827,69.94921875
19828,71.0859375
19829,72.21875
19830,73.35546875
19831,109.42578125
19832,110.5625
19833,111.6953125
19834,112.83203125
19835,113.96875
19836,115.10546875
19837,145.3203125
19838,146.45703125
19839,147.59375
19840,148.73046875
19841,149.86328125
19842,151.0
19843,152.13671875
19844,143.45703125
19845,144.59375
19846,145.7265625
19847,146.86328125
19848,64.33203125
19849,65.46875
19850,66.60546875
19851,67.73828125
19852,68.875
19853,70.01171875
19854,71.1484375
19855,107.21484375
19856,108.3515625
19857,109.48828125
19858,110.625
19859,111.7578125
19860,112.89453125
19861,143.11328125
19862,144.25
19863,145.3828125
19864,146.51953125
19865,147.65625
19866,148.79296875
19867,149.92578125
19868,141.24609375
19869,142.3828125
19870,143.51953125
19871,144.65625
19872,63.03125
19873,64.16796875
19874,65.3046875
19875,66.4375
19876,67.57421875
19877,68.7109375
19878,69.84765625
19879,105.9140625
19880,107.05078125
19881,108.1875
19882,109.32421875
19883,110.4609375
19884,111.59375
19885,141.8125
19886,142.94921875
19887,144.0859375
19888,145.21875
19889,146.35546875
19890,147.4921875
19891,148.62890625
19892,139.9453125
19893,141.08203125
19894,142.21875
19895,143.35546875
19896,98.7109375
19897,99.84375
19898,100.98046875
19899,102.1171875
19900,103.25390625
19901,104.38671875
19902,105.5234375
19903,141.59375
19904,142.73046875
19905,143.86328125
19906,145.0
19907,146.13671875
19908,147.2734375
19909,177.48828125
19910,178.625
19911,179.76171875
19912,180.8984375
19913,182.03515625
19914,183.16796875
19915,184.3046875
19916,175.625
19917,176.76171875
19918,177.89453125
19919,179.03125
19920,98.83984375
19921,99.9765625
19922,101.109375
19923,102.24609375
19924,103.3828125
19925,104.51953125
19926,105.65234375
19927,141.72265625
19928,142.859375
19929,143.99609375
19930,145.12890625
19931,146.265625
19932,147.40234375
19933,177.62109375
19934,178.7578125
19935,179.890625
19936,181.02734375
19937,182.1640625
19938,183.30078125
19939,184.43359375
19940,175.75390625
19941,176.890625
19942,178.02734375
19943,179.16015625
19944,65.62890625
19945,66.765625
19946,67.90234375
19947,69.0390625
19948,70.17578125
19949,71.30859375
19950,72.4453125
19951,108.515625
19952,109.65234375
19953,110.78515625
19954,111.921875
19955,113.05859375
19956,114.1953125
19957,144.41015625
19958,145.546875
19959,146.68359375
19960,147.8203125
19961,148.953125
19962,150.08984375
19963,151.2265625
19964,142.546875
19965,143.68359375
19966,144.81640625
19967,145.953125
19968,103.515625
19969,104.65234375
19970,105.7890625
19971,106.92578125
19972,108.0625
19973,109.1953125
19974,110.33203125
19975,146.40234375
19976,147.5390625
19977,148.671875
19978,149.80859375
19979,150.9453125
19980,152.08203125
19981,182.296875
19982,183.43359375
19983,184.5703125
19984,185.70703125
19985,186.83984375
19986,187.9765625
19987,189.11328125
19988,180.43359375
19989,181.56640625
19990,182.703125
19991,183.83984375
19992,97.01953125
19993,98.15625
19994,99.29296875
19995,100.42578125
19996,101.5625
19997,102.69921875
19998,103.8359375
19999,139.90625
20000,141.0390625
20001,142.17578125
20002,143.3125
20003,144.44921875
20004,145.58203125
20005,175.80078125
20006,176.9375
20007,178.07421875
20008,179.20703125
20009,180.34375
20010,181.48046875
20011,182.6171875
20012,173.93359375
20013,175.0703125
20014,176.20703125
20015,177.34375
20016,66.01953125
20017,67.15625
20018,68.29296875
20019,69.4296875
20020,70.5625
20021,71.69921875
20022,72.8359375
20023,108.90625
20024,110.0390625
20025,111.17578125
20026,112.3125
20027,113.44921875
20028,114.5859375
20029,144.80078125
20030,145.9375
20031,147.07421875
20032,148.2109375
20033,149.34375
20034,150.48046875
20035,151.6171875
20036,142.9375
20037,144.0703125
20038,145.20703125
20039,146.34375
20040,101.69921875
20041,102.8359375
20042,103.96875
20043,105.10546875
20044,106.2421875
20045,107.37890625
20046,108.51171875
20047,144.58203125
20048,145.71875
20049,146.85546875
20050,147.98828125
20051,149.125
20052,150.26171875
20053,180.48046875
20054,181.61328125
20055,182.75
20056,183.88671875
20057,185.0234375
20058,186.16015625
20059,187.29296875
20060,178.61328125
20061,179.75
20062,180.88671875
20063,182.01953125
20064,95.203125
20065,96.3359375
20066,97.47265625
20067,98.609375
20068,99.74609375
20069,100.87890625
20070,102.015625
20071,138.0859375
20072,139.22265625
20073,140.35546875
20074,141.4921875
20075,142.62890625
20076,143.765625
20077,173.98046875
20078,175.1171875
20079,176.25390625
20080,177.390625
20081,178.52734375
20082,179.66015625
20083,180.796875
20084,172.1171875
20085,173.25390625
20086,174.38671875
20087,175.5234375
20088,64.203125
20089,65.3359375
20090,66.47265625
20091,67.609375
20092,68.74609375
20093,69.8828125
20094,71.015625
20095,107.0859375
20096,108.22265625
20097,109.359375
20098,110.4921875
20099,111.62890625
20100,112.765625
20101,142.984375
20102,144.1171875
20103,145.25390625
20104,146.390625
20105,147.52734375
20106,148.66015625
20107,149.796875
20108,141.1171875
20109,142.25390625
20110,143.38671875
20111,144.5234375
20112,99.87890625
20113,101.015625
20114,102.15234375
20115,103.28515625
20116,104.421875
20117,105.55859375
20118,106.6953125
20119,142.76171875
20120,143.8984375
20121,145.03515625
20122,146.171875
20123,147.30859375
20124,148.44140625
20125,178.66015625
20126,179.796875
20127,180.93359375
20128,182.06640625
20129,183.203125
20130,184.33984375
20131,185.4765625
20132,176.79296875
20133,177.9296875
20134,179.06640625
20135,180.203125
20136,95.58984375
20137,96.7265625
20138,97.86328125
20139,99.0
20140,100.1328125
20141,101.26953125
20142,102.40625
20143,138.4765625
20144,139.61328125
20145,140.74609375
20146,141.8828125
20147,143.01953125
20148,144.15625
20149,174.37109375
20150,175.5078125
20151,176.64453125
20152,177.78125
20153,178.9140625
20154,180.05078125
20155,181.1875
20156,172.5078125
20157,173.640625
20158,174.77734375
20159,175.9140625
20160,66.671875
20161,67.80859375
20162,68.94140625
20163,70.078125
20164,71.21484375
20165,72.3515625
20166,73.484375
20167,109.5546875
20168,110.69140625
20169,111.828125
20170,112.9609375
20171,114.09765625
20172,115.234375
20173,145.453125
20174,146.5859375
20175,147.72265625
20176,148.859375
20177,149.99609375
20178,151.1328125
20179,152.265625
20180,143.5859375
20181,144.72265625
20182,145.859375
20183,146.9921875
20184,64.4609375
20185,65.59765625
20186,66.734375
20187,67.87109375
20188,69.00390625
20189,70.140625
20190,71.27734375
20191,107.34765625
20192,108.48046875
20193,109.6171875
20194,110.75390625
20195,111.890625
20196,113.0234375
20197,143.2421875
20198,144.37890625
20199,145.515625
20200,146.6484375
20201,147.78515625
20202,148.921875
20203,150.05859375
20204,141.37890625
20205,142.51171875
20206,143.6484375
20207,144.78515625
20208,104.42578125
20209,105.5625
20210,106.69921875
20211,107.8359375
20212,108.97265625
20213,110.10546875
20214,111.2421875
20215,147.3125
20216,148.44921875
20217,149.58203125
20218,150.71875
20219,151.85546875
20220,152.9921875
20221,183.20703125
20222,184.34375
20223,185.48046875
20224,186.6171875
20225,187.75
20226,188.88671875
20227,190.0234375
20228,181.34375
20229,182.48046875
20230,183.61328125
20231,184.75
20232,102.21875
20233,103.35546875
20234,104.48828125
20235,105.625
20236,106.76171875
20237,107.8984375
20238,109.03515625
20239,145.1015625
20240,146.23828125
20241,147.375
20242,148.51171875
20243,149.64453125
20244,150.78125
20245,181.0
20246,182.13671875
20247,183.26953125
20248,184.40625
20249,185.54296875
20250,186.6796875
20251,187.8125
20252,179.1328125
20253,180.26953125
20254,181.40625
20255,182.54296875
20256,100.0078125
20257,101.14453125
20258,102.28125
20259,103.41796875
20260,104.55078125
20261,105.6875
20262,106.82421875
20263,142.89453125
20264,144.03125
20265,145.1640625
20266,146.30078125
20267,147.4375
20268,148.57421875
20269,178.7890625
20270,179.92578125
20271,181.0625
20272,182.19921875
20273,183.33203125
20274,184.46875
20275,185.60546875
20276,176.92578125
20277,178.05859375
20278,179.1953125
20279,180.33203125
20280,97.80078125
20281,98.9375
20282,100.0703125
20283,101.20703125
20284,102.34375
20285,103.48046875
20286,104.6171875
20287,140.68359375
20288,141.8203125
20289,142.95703125
20290,144.09375
20291,145.2265625
20292,146.36328125
20293,176.58203125
20294,177.71875
20295,178.8515625
20296,179.98828125
20297,181.125
20298,182.26171875
20299,183.39453125
20300,174.71484375
20301,175.8515625
20302,176.98828125
20303,178.12109375
20304,95.58984375
20305,96.7265625
20306,97.86328125
20307,99.0
20308,100.1328125
20309,101.26953125
20310,102.40625
20311,138.4765625
20312,139.61328125
20313,140.74609375
20314,141.8828125
20315,143.01953125
20316,144.15625
20317,174.37109375
20318,175.5078125
20319,176.64453125
20320,177.78125
20321,178.9140625
20322,180.05078125
20323,181.1875
20324,172.5078125
20325,173.640625
20326,174.77734375
20327,175.9140625
20328,66.671875
20329,67.80859375
20330,68.94140625
20331,70.078125
20332,71.21484375
20333,72.3515625
20334,73.484375
20335,109.5546875
20336,110.69140625
20337,111.828125
20338,112.9609375
20339,114.09765625
20340,115.234375
20341,145.453125
20342,146.5859375
20343,147.72265625
20344,148.859375
20345,149.99609375
20346,151.1328125
20347,152.265625
20348,143.5859375
20349,144.72265625
20350,145.859375
20351,146.9921875
20352,64.4609375
20353,65.59765625
20354,66.734375
20355,67.87109375
20356,69.00390625
20357,70.140625
20358,71.27734375
20359,107.34765625
20360,108.48046875
20361,109.6171875
20362,110.75390625
20363,111.890625
20364,113.0234375
20365,143.2421875
20366,144.37890625
20367,145.515625
20368,146.6484375
20369,147.78515625
20370,148.921875
20371,150.05859375
20372,141.37890625
20373,142.51171875
20374,143.6484375
20375,144.78515625
20376,104.42578125
20377,105.5625
20378,106.69921875
20379,107.8359375
20380,108.97265625
20381,110.10546875
20382,111.2421875
20383,147.3125
20384,148.44921875
20385,149.58203125
20386,150.71875
20387,151.85546875
20388,152.9921875
20389,183.20703125
20390,184.34375
20391,185.48046875
20392,186.6171875
20393,187.75
20394,188.88671875
20395,190.0234375
20396,181.34375
20397,182.48046875
20398,183.61328125
20399,184.75
20400,102.21875
20401,103.35546875
20402,104.48828125
20403,105.625
20404,106.76171875
20405,107.8984375
20406,109.03515625
20407,145.1015625
20408,146.23828125
20409,147.375
20410,148.51171875
20411,149.64453125
20412,150.78125
20413,181.0
20414,182.13671875
20415,183.26953125
20416,184.40625
20417,185.54296875
20418,186.6796875
20419,187.8125
20420,179.1328125
20421,180.26953125
20422,181.40625
20423,182.54296875
20424,100.0078125
20425,101.14453125
20426,102.28125
20427,103.41796875
20428,104.55078125
20429,105.6875
20430,106.82421875
20431,142.89453125
20432,144.03125
20433,145.1640625
20434,146.30078125
20435,147.4375
20436,148.57421875
20437,178.7890625
20438,179.92578125
20439,181.0625
20440,182.19921875
20441,183.33203125
20442,184.46875
20443,185.60546875
20444,176.92578125
20445,178.05859375
20446,179.1953125
20447,180.33203125
20448,97.80078125
20449,98.9375
20450,100.0703125
20451,101.20703125
20452,102.34375
20453,103.48046875
20454,104.6171875
20455,140.68359375
20456,141.8203125
20457,142.95703125
20458,144.09375
20459,145.2265625
20460,146.36328125
20461,176.58203125
20462,177.71875
20463,178.8515625
20464,179.98828125
20465,181.125
20466,182.26171875
20467,183.39453125
20468,174.71484375
20469,175.8515625
20470,176.98828125
20471,178.12109375
20472,95.58984375
20473,96.7265625
20474,97.86328125
20475,99.0
20476,100.1328125
20477,101.26953125
20478,102.40625
20479,138.4765625
20480,139.61328125
20481,140.74609375
20482,141.8828125
20483,143.01953125
20484,144.15625
20485,174.37109375
20486,175.5078125
20487,176.64453125
20488,177.78125
20489,178.9140625
20490,180.05078125
20491,181.1875
20492,172.5078125
20493,173.640625
20494,174.77734375
20495,175.9140625
20496,66.671875
20497,67.80859375
20498,68.94140625
20499,70.078125
20500,71.21484375
20501,72.3515625
20502,73.484375
20503,109.5546875
20504,110.69140625
20505,111.828125
20506,112.9609375
20507,114.09765625
20508,115.234375
20509,145.453125
20510,146.5859375
20511,147.72265625
20512,148.859375
20513,149.99609375
20514,151.1328125
20515,152.265625
20516,143.5859375
20517,144.72265625
20518,145.859375
20519,146.9921875
20520,64.4609375
20521,65.59765625
20522,66.734375
20523,67.87109375
20524,69.00390625
20525,70.140625
20526,71.27734375
20527,107.34765625
20528,108.48046875
20529,109.6171875
20530,110.75390625
20531,111.890625
20532,113.0234375
20533,143.2421875
20534,144.37890625
20535,145.515625
20536,146.6484375
20537,147.78515625
20538,148.921875
20539,150.05859375
20540,141.37890625
20541,142.51171875
20542,143.6484375
20543,144.78515625
20544,104.42578125
20545,105.5625
20546,106.69921875
20547,107.8359375
20548,108.97265625
20549,110.10546875
20550,111.2421875
20551,147.3125
20552,148.44921875
20553,149.58203125
20554,150.71875
20555,151.85546875
20556,152.9921875
20557,183.20703125
20558,184.34375
20559,185.48046875
20560,186.6171875
20561,187.75
20562,188.88671875
20563,190.0234375
20564,181.34375
20565,182.48046875
20566,183.61328125
20567,184.75
20568,102.21875
20569,103.35546875
20570,104.48828125
20571,105.625
20572,106.76171875
20573,107.8984375
20574,109.03515625
20575,145.1015625
20576,146.23828125
20577,147.375
20578,148.51171875
20579,149.64453125
20580,150.78125
20581,181.0
20582,182.13671875
20583,183.26953125
20584,184.40625
20585,185.54296875
20586,186.6796875
20587,187.8125
20588,179.1328125
20589,180.26953125
20590,181.40625
20591,182.54296875
20592,100.0078125
20593,101.14453125
20594,102.28125
20595,103.41796875
20596,104.55078125
20597,105.6875
20598,106.82421875
20599,142.89453125
20600,144.03125
20601,145.1640625
20602,146.30078125
20603,147.4375
20604,148.57421875
20605,178.7890625
20606,179.92578125
20607,181.0625
20608,182.19921875
20609,183.33203125
20610,184.46875
20611,185.60546875
20612,176.92578125
20613,178.05859375
20614,179.1953125
20615,180.33203125
20616,96.37109375
20617,97.5078125
20618,98.640625
20619,99.77734375
20620,100.9140625
20621,102.05078125
20622,103.18359375
20623,139.25390625
20624,140.390625
20625,141.52734375
20626,142.66015625
20627,143.796875
20628,144.93359375
20629,175.15234375
20630,176.28515625
20631,177.421875
20632,178.55859375
20633,179.6953125
20634,180.828125
20635,181.96484375
20636,173.28515625
20637,174.421875
20638,175.55859375
20639,176.69140625
20640,63.16015625
20641,64.296875
20642,65.43359375
20643,66.5703125
20644,67.703125
20645,68.83984375
20646,69.9765625
20647,106.046875
20648,107.18359375
20649,108.31640625
20650,109.453125
20651,110.58984375
20652,111.7265625
20653,141.94140625
20654,143.078125
20655,144.21484375
20656,145.3515625
20657,146.484375
20658,147.62109375
20659,148.7578125
20660,140.078125
20661,141.2109375
20662,142.34765625
20663,143.484375
20664,63.29296875
20665,64.42578125
20666,65.5625
20667,66.69921875
20668,67.8359375
20669,68.97265625
20670,70.10546875
20671,106.17578125
20672,107.3125
20673,108.44921875
20674,109.58203125
20675,110.71875
20676,111.85546875
20677,142.07421875
20678,143.20703125
20679,144.34375
20680,145.48046875
20681,146.6171875
20682,147.75
20683,148.88671875
20684,140.20703125
20685,141.34375
20686,142.4765625
20687,143.61328125
20688,98.96875
20689,100.10546875
20690,101.2421875
20691,102.375
20692,103.51171875
20693,104.6484375
20694,105.78515625
20695,141.8515625
20696,142.98828125
20697,144.125
20698,145.26171875
20699,146.3984375
20700,147.53125
20701,177.75
20702,178.88671875
20703,180.0234375
20704,181.15625
20705,182.29296875
20706,183.4296875
20707,184.56640625
20708,175.8828125
20709,177.01953125
20710,178.15625
20711,179.29296875
20712,94.6796875
20713,95.81640625
20714,96.953125
20715,98.08984375
20716,99.22265625
20717,100.359375
20718,101.49609375
20719,137.56640625
20720,138.69921875
20721,139.8359375
20722,140.97265625
20723,142.109375
20724,143.24609375
20725,173.4609375
20726,174.59765625
20727,175.734375
20728,176.87109375
20729,178.00390625
20730,179.140625
20731,180.27734375
20732,171.59765625
20733,172.73046875
20734,173.8671875
20735,175.00390625
20736,103.6484375
20737,104.78515625
20738,105.91796875
20739,107.0546875
20740,108.19140625
20741,109.328125
20742,110.4609375
20743,146.53125
20744,147.66796875
20745,148.8046875
20746,149.9375
20747,151.07421875
20748,152.2109375
20749,182.4296875
20750,183.5625
20751,184.69921875
20752,185.8359375
20753,186.97265625
20754,188.10546875
20755,189.2421875
20756,180.5625
20757,181.69921875
20758,182.8359375
20759,183.96875
20760,99.359375
20761,100.49609375
20762,101.6328125
20763,102.765625
20764,103.90234375
20765,105.0390625
20766,106.17578125
20767,142.2421875
20768,143.37890625
20769,144.515625
20770,145.65234375
20771,146.78515625
20772,147.921875
20773,178.140625
20774,179.27734375
20775,180.41015625
20776,181.546875
20777,182.68359375
20778,183.8203125
20779,184.953125
20780,176.2734375
20781,177.41015625
20782,178.546875
20783,179.68359375
20784,66.15234375
20785,67.28515625
20786,68.421875
20787,69.55859375
20788,70.6953125
20789,71.828125
20790,72.96484375
20791,109.03515625
20792,110.171875
20793,111.30859375
20794,112.44140625
20795,113.578125
20796,114.71484375
20797,144.93359375
20798,146.06640625
20799,147.203125
20800,148.33984375
20801,149.4765625
20802,150.609375
20803,151.74609375
20804,143.06640625
20805,144.203125
20806,145.3359375
20807,146.47265625
20808,101.828125
20809,102.96484375
20810,104.1015625
20811,105.234375
20812,106.37109375
20813,107.5078125
20814,108.64453125
20815,144.7109375
20816,145.84765625
20817,146.984375
20818,148.12109375
20819,149.25390625
20820,150.390625
20821,180.609375
20822,181.74609375
20823,182.8828125
20824,184.015625
20825,185.15234375
20826,186.2890625
20827,187.42578125
20828,178.7421875
20829,179.87890625
20830,181.015625
20831,182.15234375
20832,97.5390625
20833,98.67578125
20834,99.8125
20835,100.94921875
20836,102.08203125
20837,103.21875
20838,104.35546875
20839,140.42578125
20840,141.55859375
20841,142.6953125
20842,143.83203125
20843,144.96875
20844,146.10546875
20845,176.3203125
20846,177.45703125
20847,178.59375
20848,179.73046875
20849,180.86328125
20850,182.0
20851,183.13671875
20852,174.45703125
20853,175.58984375
20854,176.7265625
20855,177.86328125
20856,64.33203125
20857,65.46875
20858,66.60546875
20859,67.73828125
20860,68.875
20861,70.01171875
20862,71.1484375
20863,107.21484375
20864,108.3515625
20865,109.48828125
20866,110.625
20867,111.7578125
20868,112.89453125
20869,143.11328125
20870,144.25
20871,145.3828125
20872,146.51953125
20873,147.65625
20874,148.79296875
20875,149.92578125
20876,141.24609375
20877,142.3828125
20878,143.51953125
20879,144.65625
20880,102.21875
20881,103.35546875
20882,104.48828125
20883,105.625
20884,106.76171875
20885,107.8984375
20886,109.03515625
20887,145.1015625
20888,146.23828125
20889,147.375
20890,148.51171875
20891,149.64453125
20892,150.78125
20893,181.0
20894,182.13671875
20895,183.26953125
20896,184.40625
20897,185.54296875
20898,186.6796875
20899,187.8125
20900,179.1328125
20901,180.26953125
20902,181.40625
20903,182.54296875
20904,100.7890625
20905,101.92578125
20906,103.05859375
20907,104.1953125
20908,105.33203125
20909,106.46875
20910,107.6015625
20911,143.671875
20912,144.80859375
20913,145.9453125
20914,147.078125
20915,148.21484375
20916,149.3515625
20917,179.5703125
20918,180.703125
20919,181.83984375
20920,182.9765625
20921,184.11328125
20922,185.25
20923,186.3828125
20924,177.703125
20925,178.83984375
20926,179.9765625
20927,181.109375
20928,98.578125
20929,99.71484375
20930,100.8515625
20931,101.98828125
20932,103.12109375
20933,104.2578125
20934,105.39453125
20935,141.46484375
20936,142.59765625
20937,143.734375
20938,144.87109375
20939,146.0078125
20940,147.140625
20941,177.359375
20942,178.49609375
20943,179.6328125
20944,180.765625
20945,181.90234375
20946,183.0390625
20947,184.17578125
20948,175.49609375
20949,176.62890625
20950,177.765625
20951,178.90234375
20952,96.37109375
20953,97.5078125
20954,98.640625
20955,99.77734375
20956,100.9140625
20957,102.05078125
20958,103.18359375
20959,139.25390625
20960,140.390625
20961,141.52734375
20962,142.66015625
20963,143.796875
20964,144.93359375
20965,175.15234375
20966,176.28515625
20967,177.421875
20968,178.55859375
20969,179.6953125
20970,180.828125
20971,181.96484375
20972,173.28515625
20973,174.421875
20974,175.55859375
20975,176.69140625
20976,94.16015625
20977,95.296875
20978,96.43359375
20979,97.5703125
20980,98.703125
20981,99.83984375
20982,100.9765625
20983,137.046875
20984,138.1796875
20985,139.31640625
20986,140.453125
20987,141.58984375
20988,142.72265625
20989,172.94140625
20990,174.078125
20991,175.21484375
20992,176.34765625
20993,177.484375
20994,178.62109375
20995,179.7578125
20996,171.07421875
20997,172.2109375
20998,173.34765625
20999,174.484375
21000,65.2421875
21001,66.375
21002,67.51171875
21003,68.6484375
21004,69.78515625
21005,70.91796875
21006,72.0546875
21007,108.125
21008,109.26171875
21009,110.39453125
21010,111.53125
21011,112.66796875
21012,113.8046875
21013,144.0234375
21014,145.15625
21015,146.29296875
21016,147.4296875
21017,148.56640625
21018,149.69921875
21019,150.8359375
21020,142.15625
21021,143.29296875
21022,144.42578125
21023,145.5625
21024,63.03125
21025,64.16796875
21026,65.3046875
21027,66.4375
21028,67.57421875
21029,68.7109375
21030,69.84765625
21031,105.9140625
21032,107.05078125
21033,108.1875
21034,109.32421875
21035,110.4609375
21036,111.59375
21037,141.8125
21038,142.94921875
21039,144.0859375
21040,145.21875
21041,146.35546875
21042,147.4921875
21043,148.62890625
21044,139.9453125
21045,141.08203125
21046,142.21875
21047,143.35546875
21048,102.99609375
21049,104.1328125
21050,105.26953125
21051,106.40625
21052,107.5390625
21053,108.67578125
21054,109.8125
21055,145.8828125
21056,147.015625
21057,148.15234375
21058,149.2890625
21059,150.42578125
21060,151.55859375
21061,181.77734375
21062,182.9140625
21063,184.05078125
21064,185.1875
21065,186.3203125
21066,187.45703125
21067,188.59375
21068,179.9140625
21069,181.046875
21070,182.18359375
21071,183.3203125
21072,100.7890625
21073,101.92578125
21074,103.05859375
21075,104.1953125
21076,105.33203125
21077,106.46875
21078,107.6015625
21079,143.671875
21080,144.80859375
21081,145.9453125
21082,147.078125
21083,148.21484375
21084,149.3515625
21085,179.5703125
21086,180.703125
21087,181.83984375
21088,182.9765625
21089,184.11328125
21090,185.25
21091,186.3828125
21092,177.703125
21093,178.83984375
21094,179.9765625
21095,181.109375
21096,98.578125
21097,99.71484375
21098,100.8515625
21099,101.98828125
21100,103.12109375
21101,104.2578125
21102,105.39453125
21103,141.46484375
21104,142.59765625
21105,143.734375
21106,144.87109375
21107,146.0078125
21108,147.140625
21109,177.359375
21110,178.49609375
21111,179.6328125
21112,180.765625
21113,181.90234375
21114,183.0390625
21115,184.17578125
21116,175.49609375
21117,176.62890625
21118,177.765625
21119,178.90234375
21120,96.37109375
21121,97.5078125
21122,98.640625
21123,99.77734375
21124,100.9140625
21125,102.05078125
21126,103.18359375
21127,139.25390625
21128,140.390625
21129,141.52734375
21130,142.66015625
21131,143.796875
21132,144.93359375
21133,175.15234375
21134,176.28515625
21135,177.421875
21136,178.55859375
21137,179.6953125
21138,180.828125
21139,181.96484375
21140,173.28515625
21141,174.421875
21142,175.55859375
21143,176.69140625
21144,94.16015625
21145,95.296875
21146,96.43359375
21147,97.5703125
21148,98.703125
21149,99.83984375
21150,100.9765625
21151,137.046875
21152,138.1796875
21153,139.31640625
21154,140.453125
21155,141.58984375
21156,142.72265625
21157,172.94140625
21158,174.078125
21159,175.21484375
21160,176.34765625
21161,177.484375
21162,178.62109375
21163,179.7578125
21164,171.07421875
21165,172.2109375
21166,173.34765625
21167,174.484375
21168,65.2421875
21169,66.375
21170,67.51171875
21171,68.6484375
21172,69.78515625
21173,70.91796875
21174,72.0546875
21175,108.125
21176,109.26171875
21177,110.39453125
21178,111.53125
21179,112.66796875
21180,113.8046875
21181,144.0234375
21182,145.15625
21183,146.29296875
21184,147.4296875
21185,148.56640625
21186,149.69921875
21187,150.8359375
21188,142.15625
21189,143.29296875
21190,144.42578125
21191,145.5625
21192,63.03125
21193,64.16796875
21194,65.3046875
21195,66.4375
21196,67.57421875
21197,68.7109375
21198,69.84765625
21199,105.9140625
21200,107.05078125
21201,108.1875
21202,109.32421875
21203,110.4609375
21204,111.59375
21205,141.8125
21206,142.94921875
21207,144.0859375
21208,145.21875
21209,146.35546875
21210,147.4921875
21211,148.62890625
21212,139.9453125
21213,141.08203125
21214,142.21875
21215,143.35546875
21216,102.99609375
21217,104.1328125
21218,105.26953125
21219,106.40625
21220,107.5390625
21221,108.67578125
21222,109.8125
21223,145.8828125
21224,147.015625
21225,148.15234375
21226,149.2890625
21227,150.42578125
21228,151.55859375
21229,181.77734375
21230,182.9140625
21231,184.05078125
21232,185.1875
21233,186.3203125
21234,187.45703125
21235,188.59375
21236,179.9140625
21237,181.046875
21238,182.18359375
21239,183.3203125
21240,100.7890625
21241,101.92578125
21242,103.05859375
21243,104.1953125
21244,105.33203125
21245,106.46875
21246,107.6015625
21247,143.671875
21248,144.80859375
21249,145.9453125
21250,147.078125
21251,148.21484375
21252,149.3515625
21253,179.5703125
21254,180.703125
21255,181.83984375
21256,182.9765625
21257,184.11328125
21258,185.25
21259,186.3828125
21260,177.703125
21261,178.83984375
21262,179.9765625
21263,181.109375
21264,98.578125
21265,99.71484375
21266,100.8515625
21267,101.98828125
21268,103.12109375
21269,104.2578125
21270,105.39453125
21271,141.46484375
21272,142.59765625
21273,143.734375
21274,144.87109375
21275,146.0078125
21276,147.140625
21277,177.359375
21278,178.49609375
21279,179.6328125
21280,180.765625
21281,181.90234375
21282,183.0390625
21283,184.17578125
21284,175.49609375
21285,176.62890625
21286,177.765625
21287,178.90234375
21288,96.37109375
21289,97.5078125
21290,98.640625
21291,99.77734375
21292,100.9140625
21293,102.05078125
21294,103.18359375
21295,139.25390625
21296,140.390625
21297,141.52734375
21298,142.66015625
21299,143.796875
21300,144.93359375
21301,175.15234375
21302,176.28515625
21303,177.421875
21304,178.55859375
21305,179.6953125
21306,180.828125
21307,181.96484375
21308,173.28515625
21309,174.421875
21310,175.55859375
21311,176.69140625
21312,94.16015625
21313,95.296875
21314,96.43359375
21315,97.5703125
21316,98.703125
21317,99.83984375
21318,100.9765625
21319,137.046875
21320,138.1796875
21321,139.31640625
21322,140.453125
21323,141.58984375
21324,142.72265625
21325,172.94140625
21326,174.078125
21327,175.21484375
21328,176.34765625
21329,177.484375
21330,178.62109375
21331,179.7578125
21332,171.07421875
21333,172.2109375
21334,173.34765625
21335,174.484375
21336,65.2421875
21337,66.375
21338,67.51171875
21339,68.6484375
21340,69.78515625
21341,70.91796875
21342,72.0546875
21343,108.125
21344,109.26171875
21345,110.39453125
21346,111.53125
21347,112.66796875
21348,113.8046875
21349,144.0234375
21350,145.15625
21351,146.29296875
21352,147.4296875
21353,148.56640625
21354,149.69921875
21355,150.8359375
21356,142.15625
21357,143.29296875
21358,144.42578125
21359,145.5625
21360,94.16015625
21361,95.296875
21362,96.43359375
21363,97.5703125
21364,98.703125
21365,99.83984375
21366,100.9765625
21367,137.046875
21368,138.1796875
21369,139.31640625
21370,140.453125
21371,141.58984375
21372,142.72265625
21373,172.94140625
21374,174.078125
21375,175.21484375
21376,176.34765625
21377,177.484375
21378,178.62109375
21379,179.7578125
21380,171.07421875
21381,172.2109375
21382,173.34765625
21383,174.484375
21384,103.12890625
21385,104.26171875
21386,105.3984375
21387,106.53515625
21388,107.671875
21389,108.8046875
21390,109.94140625
21391,146.01171875
21392,147.1484375
21393,148.28125
21394,149.41796875
21395,150.5546875
21396,151.69140625
21397,181.91015625
21398,183.04296875
21399,184.1796875
21400,185.31640625
21401,186.453125
21402,187.5859375
21403,188.72265625
21404,180.04296875
21405,181.1796875
21406,182.3125
21407,183.44921875
21408,103.2578125
21409,104.39453125
21410,105.52734375
21411,106.6640625
21412,107.80078125
21413,108.9375
21414,110.0703125
21415,146.140625
21416,147.27734375
21417,148.4140625
21418,149.55078125
21419,150.68359375
21420,151.8203125
21421,182.0390625
21422,183.17578125
21423,184.30859375
21424,185.4453125
21425,186.58203125
21426,187.71875
21427,188.8515625
21428,180.171875
21429,181.30859375
21430,182.4453125
21431,183.578125
21432,96.76171875
21433,97.89453125
21434,99.03125
21435,100.16796875
21436,101.3046875
21437,102.4375
21438,103.57421875
21439,139.64453125
21440,140.78125
21441,141.9140625
21442,143.05078125
21443,144.1875
21444,145.32421875
21445,175.54296875
21446,176.67578125
21447,177.8125
21448,178.94921875
21449,180.0859375
21450,181.21875
21451,182.35546875
21452,173.67578125
21453,174.8125
21454,175.9453125
21455,177.08203125
21456,65.76171875
21457,66.8984375
21458,68.03125
21459,69.16796875
21460,70.3046875
21461,71.44140625
21462,72.57421875
21463,108.64453125
21464,109.78125
21465,110.91796875
21466,112.05078125
21467,113.1875
21468,114.32421875
21469,144.54296875
21470,145.67578125
21471,146.8125
21472,147.94921875
21473,149.0859375
21474,150.22265625
21475,151.35546875
21476,142.67578125
21477,143.8125
21478,144.94921875
21479,146.08203125
21480,101.4375
21481,102.57421875
21482,103.7109375
21483,104.84765625
21484,105.98046875
21485,107.1171875
21486,108.25390625
21487,144.32421875
21488,145.45703125
21489,146.59375
21490,147.73046875
21491,148.8671875
21492,150.0
21493,180.21875
21494,181.35546875
21495,182.4921875
21496,183.625
21497,184.76171875
21498,185.8984375
21499,187.03515625
21500,178.3515625
21501,179.48828125
21502,180.625
21503,181.76171875
21504,97.1484375
21505,98.28515625
21506,99.421875
21507,100.55859375
21508,101.6953125
21509,102.828125
21510,103.96484375
21511,140.03515625
21512,141.171875
21513,142.3046875
21514,143.44140625
21515,144.578125
21516,145.71484375
21517,175.9296875
21518,177.06640625
21519,178.203125
21520,179.33984375
21521,180.47265625
21522,181.609375
21523,182.74609375
21524,174.06640625
21525,175.203125
21526,176.3359375
21527,177.47265625
21528,63.94140625
21529,65.078125
21530,66.21484375
21531,67.34765625
21532,68.484375
21533,69.62109375
21534,70.7578125
21535,106.82421875
21536,107.9609375
21537,109.09765625
21538,110.234375
21539,111.37109375
21540,112.50390625
21541,142.72265625
21542,143.859375
21543,144.99609375
21544,146.12890625
21545,147.265625
21546,148.40234375
21547,149.5390625
21548,140.85546875
21549,141.9921875
21550,143.12890625
21551,144.265625
21552,99.62109375
21553,100.75390625
21554,101.890625
21555,103.02734375
21556,104.1640625
21557,105.296875
21558,106.43359375
21559,142.50390625
21560,143.640625
21561,144.7734375
21562,145.91015625
21563,147.046875
21564,148.18359375
21565,178.3984375
21566,179.53515625
21567,180.671875
21568,181.80859375
21569,182.9453125
21570,184.078125
21571,185.21484375
21572,176.53515625
21573,177.671875
21574,178.8046875
21575,179.94140625
21576,95.33203125
21577,96.46875
21578,97.6015625
21579,98.73828125
21580,99.875
21581,101.01171875
21582,102.14453125
21583,138.21484375
21584,139.3515625
21585,140.48828125
21586,141.62109375
21587,142.7578125
21588,143.89453125
21589,174.11328125
21590,175.25
21591,176.3828125
21592,177.51953125
21593,178.65625
21594,179.79296875
21595,180.92578125
21596,172.24609375
21597,173.3828125
21598,174.51953125
21599,175.65234375
21600,104.296875
21601,105.43359375
21602,106.5703125
21603,107.703125
21604,108.83984375
21605,109.9765625
21606,111.11328125
21607,147.18359375
21608,148.31640625
21609,149.453125
21610,150.58984375
21611,151.7265625
21612,152.859375
21613,183.078125
21614,184.21484375
21615,185.3515625
21616,186.484375
21617,187.62109375
21618,188.7578125
21619,189.89453125
21620,181.2109375
21621,182.34765625
21622,183.484375
21623,184.62109375
21624,100.0078125
21625,101.14453125
21626,102.28125
21627,103.41796875
21628,104.55078125
21629,105.6875
21630,106.82421875
21631,142.89453125
21632,144.03125
21633,145.1640625
21634,146.30078125
21635,147.4375
21636,148.57421875
21637,178.7890625
21638,179.92578125
21639,181.0625
21640,182.19921875
21641,183.33203125
21642,184.46875
21643,185.60546875
21644,176.92578125
21645,178.05859375
21646,179.1953125
21647,180.33203125
21648,94.29296875
21649,95.42578125
21650,96.5625
21651,97.69921875
21652,98.8359375
21653,99.96875
21654,101.10546875
21655,137.17578125
21656,138.3125
21657,139.4453125
21658,140.58203125
21659,141.71875
21660,142.85546875
21661,173.0703125
21662,174.20703125
21663,175.34375
21664,176.48046875
21665,177.61328125
21666,178.75
21667,179.88671875
21668,171.20703125
21669,172.34375
21670,173.4765625
21671,174.61328125
21672,65.37109375
21673,66.5078125
21674,67.640625
21675,68.77734375
21676,69.9140625
21677,71.05078125
21678,72.18359375
21679,108.25390625
21680,109.390625
21681,110.52734375
21682,111.6640625
21683,112.796875
21684,113.93359375
21685,144.15234375
21686,145.2890625
21687,146.421875
21688,147.55859375
21689,148.6953125
21690,149.83203125
21691,150.96484375
21692,142.28515625
21693,143.421875
21694,144.55859375
21695,145.69140625
21696,63.16015625
21697,64.296875
21698,65.43359375
21699,66.5703125
21700,67.703125
21701,68.83984375
21702,69.9765625
21703,106.046875
21704,107.18359375
21705,108.31640625
21706,109.453125
21707,110.58984375
21708,111.7265625
21709,141.94140625
21710,143.078125
21711,144.21484375
21712,145.3515625
21713,146.484375
21714,147.62109375
21715,148.7578125
21716,140.078125
21717,141.2109375
21718,142.34765625
21719,143.484375
21720,103.12890625
21721,104.26171875
21722,105.3984375
21723,106.53515625
21724,107.671875
21725,108.8046875
21726,109.94140625
21727,146.01171875
21728,147.1484375
21729,148.28125
21730,149.41796875
21731,150.5546875
21732,151.69140625
21733,181.91015625
21734,183.04296875
21735,184.1796875
21736,185.31640625
21737,186.453125
21738,187.5859375
21739,188.72265625
21740,180.04296875
21741,181.1796875
21742,182.3125
21743,183.44921875
21744,100.91796875
21745,102.0546875
21746,103.19140625
21747,104.32421875
21748,105.4609375
21749,106.59765625
21750,107.734375
21751,143.80078125
21752,144.9375
21753,146.07421875
21754,147.2109375
21755,148.34375
21756,149.48046875
21757,179.69921875
21758,180.8359375
21759,181.97265625
21760,183.10546875
21761,184.2421875
21762,185.37890625
21763,186.515625
21764,177.83203125
21765,178.96875
21766,180.10546875
21767,181.2421875
21768,98.7109375
21769,99.84375
21770,100.98046875
21771,102.1171875
21772,103.25390625
21773,104.38671875
21774,105.5234375
21775,141.59375
21776,142.73046875
21777,143.86328125
21778,145.0
21779,146.13671875
21780,147.2734375
21781,177.48828125
21782,178.625
21783,179.76171875
21784,180.8984375
21785,182.03515625
21786,183.16796875
21787,184.3046875
21788,175.625
21789,176.76171875
21790,177.89453125
21791,179.03125
21792,96.5
21793,97.63671875
21794,98.7734375
21795,99.90625
21796,101.04296875
21797,102.1796875
21798,103.31640625
21799,139.3828125
21800,140.51953125
21801,141.65625
21802,142.79296875
21803,143.92578125
21804,145.0625
21805,175.28125
21806,176.41796875
21807,177.55078125
21808,178.6875
21809,179.82421875
21810,180.9609375
21811,182.09765625
21812,173.4140625
21813,174.55078125
21814,175.6875
21815,176.82421875
21816,94.29296875
21817,95.42578125
21818,96.5625
21819,97.69921875
21820,98.8359375
21821,99.96875
21822,101.10546875
21823,137.17578125
21824,138.3125
21825,139.4453125
21826,140.58203125
21827,141.71875
21828,142.85546875
21829,173.0703125
21830,174.20703125
21831,175.34375
21832,176.48046875
21833,177.61328125
21834,178.75
21835,179.88671875
21836,171.20703125
21837,172.34375
21838,173.4765625
21839,174.61328125
21840,65.37109375
21841,66.5078125
21842,67.640625
21843,68.77734375
21844,69.9140625
21845,71.05078125
21846,72.18359375
21847,108.25390625
21848,109.390625
21849,110.52734375
21850,111.6640625
21851,112.796875
21852,113.93359375
21853,144.15234375
21854,145.2890625
21855,146.421875
21856,147.55859375
21857,148.6953125
21858,149.83203125
21859,150.96484375
21860,142.28515625
21861,143.421875
21862,144.55859375
21863,145.69140625
21864,63.16015625
21865,64.296875
21866,65.43359375
21867,66.5703125
21868,67.703125
21869,68.83984375
21870,69.9765625
21871,106.046875
21872,107.18359375
21873,108.31640625
21874,109.453125
21875,110.58984375
21876,111.7265625
21877,141.94140625
21878,143.078125
21879,144.21484375
21880,145.3515625
21881,146.484375
21882,147.62109375
21883,148.7578125
21884,140.078125
21885,141.2109375
21886,142.34765625
21887,143.484375
21888,103.12890625
21889,104.26171875
21890,105.3984375
21891,106.53515625
21892,107.671875
21893,108.8046875
21894,109.94140625
21895,146.01171875
21896,147.1484375
21897,148.28125
21898,149.41796875
21899,150.5546875
21900,151.69140625
21901,181.91015625
21902,183.04296875
21903,184.1796875
21904,185.31640625
21905,186.453125
21906,187.5859375
21907,188.72265625
21908,180.04296875
21909,181.1796875
21910,182.3125
21911,183.44921875
21912,100.91796875
21913,102.0546875
21914,103.19140625
21915,104.32421875
21916,105.4609375
21917,106.59765625
21918,107.734375
21919,143.80078125
21920,144.9375
21921,146.07421875
21922,147.2109375
21923,148.34375
21924,149.48046875
21925,179.69921875
21926,180.8359375
21927,181.97265625
21928,183.10546875
21929,184.2421875
21930,185.37890625
21931,186.515625
21932,177.83203125
21933,178.96875
21934,180.10546875
21935,181.2421875
21936,98.7109375
21937,99.84375
21938,100.98046875
21939,102.1171875
21940,103.25390625
21941,104.38671875
21942,105.5234375
21943,141.59375
21944,142.73046875
21945,143.86328125
21946,145.0
21947,146.13671875
21948,147.2734375
21949,177.48828125
21950,178.625
21951,179.76171875
21952,180.8984375
21953,182.03515625
21954,183.16796875
21955,184.3046875
21956,175.625
21957,176.76171875
21958,177.89453125
21959,179.03125
21960,96.5
21961,97.63671875
21962,98.7734375
21963,99.90625
21964,101.04296875
21965,102.1796875
21966,103.31640625
21967,139.3828125
21968,140.51953125
21969,141.65625
21970,142.79296875
21971,143.92578125
21972,145.0625
21973,175.28125
21974,176.41796875
21975,177.55078125
21976,178.6875
21977,179.82421875
21978,180.9609375
21979,182.09765625
21980,173.4140625
21981,174.55078125
21982,175.6875
21983,176.82421875
21984,94.29296875
21985,95.42578125
21986,96.5625
21987,97.69921875
21988,98.8359375
21989,99.96875
21990,101.10546875
21991,137.17578125
21992,138.3125
21993,139.4453125
21994,140.58203125
21995,141.71875
21996,142.85546875
21997,173.0703125
21998,174.20703125
21999,175.34375
22000,176.48046875
22001,177.61328125
22002,178.75
22003,179.88671875
22004,171.20703125
22005,172.34375
22006,173.4765625
22007,174.61328125
22008,65.37109375
22009,66.5078125
22010,67.640625
22011,68.77734375
22012,69.9140625
22013,71.05078125
22014,72.18359375
22015,108.25390625
22016,109.390625
22017,110.52734375
22018,111.6640625
22019,112.796875
22020,113.93359375
22021,144.15234375
22022,145.2890625
22023,146.421875
22024,147.55859375
22025,148.6953125
22026,149.83203125
22027,150.96484375
22028,142.28515625
22029,143.421875
22030,144.55859375
22031,145.69140625
22032,65.2421875
22033,66.375
22034,67.51171875
22035,68.6484375
22036,69.78515625
22037,70.91796875
22038,72.0546875
22039,108.125
22040,109.26171875
22041,110.39453125
22042,111.53125
22043,112.66796875
22044,113.8046875
22045,144.0234375
22046,145.15625
22047,146.29296875
22048,147.4296875
22049,148.56640625
22050,149.69921875
22051,150.8359375
22052,142.15625
22053,143.29296875
22054,144.42578125
22055,145.5625
22056,100.91796875
22057,102.0546875
22058,103.19140625
22059,104.32421875
22060,105.4609375
22061,106.59765625
22062,107.734375
22063,143.80078125
22064,144.9375
22065,146.07421875
22066,147.2109375
22067,148.34375
22068,149.48046875
22069,179.69921875
22070,180.8359375
22071,181.97265625
22072,183.10546875
22073,184.2421875
22074,185.37890625
22075,186.515625
22076,177.83203125
22077,178.96875
22078,180.10546875
22079,181.2421875
22080,101.046875
22081,102.18359375
22082,103.3203125
22083,104.45703125
22084,105.58984375
22085,106.7265625
22086,107.86328125
22087,143.93359375
22088,145.06640625
22089,146.203125
22090,147.33984375
22091,148.4765625
22092,149.61328125
22093,179.828125
22094,180.96484375
22095,182.1015625
22096,183.23828125
22097,184.37109375
22098,185.5078125
22099,186.64453125
22100,177.96484375
22101,179.09765625
22102,180.234375
22103,181.37109375
22104,94.55078125
22105,95.6875
22106,96.82421875
22107,97.95703125
22108,99.09375
22109,100.23046875
22110,101.3671875
22111,137.43359375
22112,138.5703125
22113,139.70703125
22114,140.84375
22115,141.9765625
22116,143.11328125
22117,173.33203125
22118,174.46875
22119,175.60546875
22120,176.73828125
22121,177.875
22122,179.01171875
22123,180.1484375
22124,171.46484375
22125,172.6015625
22126,173.73828125
22127,174.875
22128,63.55078125
22129,64.6875
22130,65.82421875
22131,66.9609375
22132,68.09375
22133,69.23046875
22134,70.3671875
22135,106.4375
22136,107.5703125
22137,108.70703125
22138,109.84375
22139,110.98046875
22140,112.11328125
22141,142.33203125
22142,143.46875
22143,144.60546875
22144,145.73828125
22145,146.875
22146,148.01171875
22147,149.1484375
22148,140.46875
22149,141.6015625
22150,142.73828125
22151,143.875
22152,99.23046875
22153,100.36328125
22154,101.5
22155,102.63671875
22156,103.7734375
22157,104.91015625
22158,106.04296875
22159,142.11328125
22160,143.25
22161,144.38671875
22162,145.51953125
22163,146.65625
22164,147.79296875
22165,178.01171875
22166,179.14453125
22167,180.28125
22168,181.41796875
22169,182.5546875
22170,183.6875
22171,184.82421875
22172,176.14453125
22173,177.28125
22174,178.4140625
22175,179.55078125
22176,94.94140625
22177,96.078125
22178,97.2109375
22179,98.34765625
22180,99.484375
22181,100.62109375
22182,101.7578125
22183,137.82421875
22184,138.9609375
22185,140.09765625
22186,141.234375
22187,142.3671875
22188,143.50390625
22189,173.72265625
22190,174.859375
22191,175.9921875
22192,177.12890625
22193,178.265625
22194,179.40234375
22195,180.53515625
22196,171.85546875
22197,172.9921875
22198,174.12890625
22199,175.265625
22200,103.90625
22201,105.04296875
22202,106.1796875
22203,107.31640625
22204,108.44921875
22205,109.5859375
22206,110.72265625
22207,146.79296875
22208,147.92578125
22209,149.0625
22210,150.19921875
22211,151.3359375
22212,152.46875
22213,182.6875
22214,183.82421875
22215,184.9609375
22216,186.09765625
22217,187.23046875
22218,188.3671875
22219,189.50390625
22220,180.82421875
22221,181.95703125
22222,183.09375
22223,184.23046875
22224,97.41015625
22225,98.546875
22226,99.68359375
22227,100.81640625
22228,101.953125
22229,103.08984375
22230,104.2265625
22231,140.29296875
22232,141.4296875
22233,142.56640625
22234,143.703125
22235,144.8359375
22236,145.97265625
22237,176.19140625
22238,177.328125
22239,178.46484375
22240,179.59765625
22241,180.734375
22242,181.87109375
22243,183.0078125
22244,174.32421875
22245,175.4609375
22246,176.59765625
22247,177.734375
22248,66.41015625
22249,67.546875
22250,68.68359375
22251,69.8203125
22252,70.953125
22253,72.08984375
22254,73.2265625
22255,109.296875
22256,110.4296875
22257,111.56640625
22258,112.703125
22259,113.83984375
22260,114.97265625
22261,145.19140625
22262,146.328125
22263,147.46484375
22264,148.59765625
22265,149.734375
22266,150.87109375
22267,152.0078125
22268,143.32421875
22269,144.4609375
22270,145.59765625
22271,146.734375
22272,102.08984375
22273,103.22265625
22274,104.359375
22275,105.49609375
22276,106.6328125
22277,107.765625
22278,108.90234375
22279,144.97265625
22280,146.109375
22281,147.24609375
22282,148.37890625
22283,149.515625
22284,150.65234375
22285,180.87109375
22286,182.00390625
22287,183.140625
22288,184.27734375
22289,185.4140625
22290,186.546875
22291,187.68359375
22292,179.00390625
22293,180.140625
22294,181.2734375
22295,182.41015625
22296,97.80078125
22297,98.9375
22298,100.0703125
22299,101.20703125
22300,102.34375
22301,103.48046875
22302,104.6171875
22303,140.68359375
22304,141.8203125
22305,142.95703125
22306,144.09375
22307,145.2265625
22308,146.36328125
22309,176.58203125
22310,177.71875
22311,178.8515625
22312,179.98828125
22313,181.125
22314,182.26171875
22315,183.39453125
22316,174.71484375
22317,175.8515625
22318,176.98828125
22319,178.12109375
22320,94.421875
22321,95.55859375
22322,96.69140625
22323,97.828125
22324,98.96484375
22325,100.1015625
22326,101.234375
22327,137.3046875
22328,138.44140625
22329,139.578125
22330,140.7109375
22331,141.84765625
22332,142.984375
22333,173.203125
22334,174.3359375
22335,175.47265625
22336,176.609375
22337,177.74609375
22338,178.8828125
22339,180.015625
22340,171.3359375
22341,172.47265625
22342,173.609375
22343,174.7421875
22344,65.5
22345,66.63671875
22346,67.7734375
22347,68.90625
22348,70.04296875
22349,71.1796875
22350,72.31640625
22351,108.38671875
22352,109.51953125
22353,110.65625
22354,111.79296875
22355,112.9296875
22356,114.0625
22357,144.28125
22358,145.41796875
22359,146.5546875
22360,147.6875
22361,148.82421875
22362,149.9609375
22363,151.09765625
22364,142.4140625
22365,143.55078125
22366,144.6875
22367,145.82421875
22368,63.29296875
22369,64.42578125
22370,65.5625
22371,66.69921875
22372,67.8359375
22373,68.97265625
22374,70.10546875
22375,106.17578125
22376,107.3125
22377,108.44921875
22378,109.58203125
22379,110.71875
22380,111.85546875
22381,142.07421875
22382,143.20703125
22383,144.34375
22384,145.48046875
22385,146.6171875
22386,147.75
22387,148.88671875
22388,140.20703125
22389,141.34375
22390,142.4765625
22391,143.61328125
22392,103.2578125
22393,104.39453125
22394,105.52734375
22395,106.6640625
22396,107.80078125
22397,108.9375
22398,110.0703125
22399,146.140625
22400,147.27734375
22401,148.4140625
22402,149.55078125
22403,150.68359375
22404,151.8203125
22405,182.0390625
22406,183.17578125
22407,184.30859375
22408,185.4453125
22409,186.58203125
22410,187.71875
22411,188.8515625
22412,180.171875
22413,181.30859375
22414,182.4453125
22415,183.578125
22416,101.046875
22417,102.18359375
22418,103.3203125
22419,104.45703125
22420,105.58984375
22421,106.7265625
22422,107.86328125
22423,143.93359375
22424,145.06640625
22425,146.203125
22426,147.33984375
22427,148.4765625
22428,149.61328125
22429,179.828125
22430,180.96484375
22431,182.1015625
22432,183.23828125
22433,184.37109375
22434,185.5078125
22435,186.64453125
22436,177.96484375
22437,179.09765625
22438,180.234375
22439,181.37109375
22440,98.83984375
22441,99.9765625
22442,101.109375
22443,102.24609375
22444,103.3828125
22445,104.51953125
22446,105.65234375
22447,141.72265625
22448,142.859375
22449,143.99609375
22450,145.12890625
22451,146.265625
22452,147.40234375
22453,177.62109375
22454,178.7578125
22455,179.890625
22456,181.02734375
22457,182.1640625
22458,183.30078125
22459,184.43359375
22460,175.75390625
22461,176.890625
22462,178.02734375
22463,179.16015625
22464,96.62890625
22465,97.765625
22466,98.90234375
22467,100.0390625
22468,101.171875
22469,102.30859375
22470,103.4453125
22471,139.515625
22472,140.6484375
22473,141.78515625
22474,142.921875
22475,144.05859375
22476,145.19140625
22477,175.41015625
22478,176.546875
22479,177.68359375
22480,178.8203125
22481,179.953125
22482,181.08984375
22483,182.2265625
22484,173.546875
22485,174.6796875
22486,175.81640625
22487,176.953125
22488,94.421875
22489,95.55859375
22490,96.69140625
22491,97.828125
22492,98.96484375
22493,100.1015625
22494,101.234375
22495,137.3046875
22496,138.44140625
22497,139.578125
22498,140.7109375
22499,141.84765625
22500,142.984375
22501,173.203125
22502,174.3359375
22503,175.47265625
22504,176.609375
22505,177.74609375
22506,178.8828125
22507,180.015625
22508,171.3359375
22509,172.47265625
22510,173.609375
22511,174.7421875
22512,65.5
22513,66.63671875
22514,67.7734375
22515,68.90625
22516,70.04296875
22517,71.1796875
22518,72.31640625
22519,108.38671875
22520,109.51953125
22521,110.65625
22522,111.79296875
22523,112.9296875
22524,114.0625
22525,144.28125
22526,145.41796875
22527,146.5546875
22528,147.6875
22529,148.82421875
22530,149.9609375
22531,151.09765625
22532,142.4140625
22533,143.55078125
22534,144.6875
22535,145.82421875
22536,63.29296875
22537,64.42578125
22538,65.5625
22539,66.69921875
22540,67.8359375
22541,68.97265625
22542,70.10546875
22543,106.17578125
22544,107.3125
22545,108.44921875
22546,109.58203125
22547,110.71875
22548,111.85546875
22549,142.07421875
22550,143.20703125
22551,144.34375
22552,145.48046875
22553,146.6171875
22554,147.75
22555,148.88671875
22556,140.20703125
22557,141.34375
22558,142.4765625
22559,143.61328125
22560,103.2578125
22561,104.39453125
22562,105.52734375
22563,106.6640625
22564,107.80078125
22565,108.9375
22566,110.0703125
22567,146.140625
22568,147.27734375
22569,148.4140625
22570,149.55078125
22571,150.68359375
22572,151.8203125
22573,182.0390625
22574,183.17578125
22575,184.30859375
22576,185.4453125
22577,186.58203125
22578,187.71875
22579,188.8515625
22580,180.171875
22581,181.30859375
22582,182.4453125
22583,183.578125
22584,101.046875
22585,102.18359375
22586,103.3203125
22587,104.45703125
22588,105.58984375
22589,106.7265625
22590,107.86328125
22591,143.93359375
22592,145.06640625
22593,146.203125
22594,147.33984375
22595,148.4765625
22596,149.61328125
22597,179.828125
22598,180.96484375
22599,182.1015625
22600,183.23828125
22601,184.37109375
22602,185.5078125
22603,186.64453125
22604,177.96484375
22605,179.09765625
22606,180.234375
22607,181.37109375
22608,98.83984375
22609,99.9765625
22610,101.109375
22611,102.24609375
22612,103.3828125
22613,104.51953125
22614,105.65234375
22615,141.72265625
22616,142.859375
22617,143.99609375
22618,145.12890625
22619,146.265625
22620,147.40234375
22621,177.62109375
22622,178.7578125
22623,179.890625
22624,181.02734375
22625,182.1640625
22626,183.30078125
22627,184.43359375
22628,175.75390625
22629,176.890625
22630,178.02734375
22631,179.16015625
22632,96.62890625
22633,97.765625
22634,98.90234375
22635,100.0390625
22636,101.171875
22637,102.30859375
22638,103.4453125
22639,139.515625
22640,140.6484375
22641,141.78515625
22642,142.921875
22643,144.05859375
22644,145.19140625
22645,175.41015625
22646,176.546875
22647,177.68359375
22648,178.8203125
22649,179.953125
22650,181.08984375
22651,182.2265625
22652,173.546875
22653,174.6796875
22654,175.81640625
22655,176.953125
22656,94.421875
22657,95.55859375
22658,96.69140625
22659,97.828125
22660,98.96484375
22661,100.1015625
22662,101.234375
22663,137.3046875
22664,138.44140625
22665,139.578125
22666,140.7109375
22667,141.84765625
22668,142.984375
22669,173.203125
22670,174.3359375
22671,175.47265625
22672,176.609375
22673,177.74609375
22674,178.8828125
22675,180.015625
22676,171.3359375
22677,172.47265625
22678,173.609375
22679,174.7421875
22680,65.5
22681,66.63671875
22682,67.7734375
22683,68.90625
22684,70.04296875
22685,71.1796875
22686,72.31640625
22687,108.38671875
22688,109.51953125
22689,110.65625
22690,111.79296875
22691,112.9296875
22692,114.0625
22693,144.28125
22694,145.41796875
22695,146.5546875
22696,147.6875
22697,148.82421875
22698,149.9609375
22699,151.09765625
22700,142.4140625
22701,143.55078125
22702,144.6875
22703,145.82421875
22704,63.29296875
22705,64.42578125
22706,65.5625
22707,66.69921875
22708,67.8359375
22709,68.97265625
22710,70.10546875
22711,106.17578125
22712,107.3125
22713,108.44921875
22714,109.58203125
22715,110.71875
22716,111.85546875
22717,142.07421875
22718,143.20703125
22719,144.34375
22720,145.48046875
22721,146.6171875
22722,147.75
22723,148.88671875
22724,140.20703125
22725,141.34375
22726,142.4765625
22727,143.61328125
22728,103.2578125
22729,104.39453125
22730,105.52734375
22731,106.6640625
22732,107.80078125
22733,108.9375
22734,110.0703125
22735,146.140625
22736,147.27734375
22737,148.4140625
22738,149.55078125
22739,150.68359375
22740,151.8203125
22741,182.0390625
22742,183.17578125
22743,184.30859375
22744,185.4453125
22745,186.58203125
22746,187.71875
22747,188.8515625
22748,180.171875
22749,181.30859375
22750,182.4453125
22751,183.578125
22752,101.046875
22753,102.18359375
22754,103.3203125
22755,104.45703125
22756,105.58984375
22757,106.7265625
22758,107.86328125
22759,143.93359375
22760,145.06640625
22761,146.203125
22762,147.33984375
22763,148.4765625
22764,149.61328125
22765,179.828125
22766,180.96484375
22767,182.1015625
22768,183.23828125
22769,184.37109375
22770,185.5078125
22771,186.64453125
22772,177.96484375
22773,179.09765625
22774,180.234375
22775,181.37109375
22776,63.03125
22777,64.16796875
22778,65.3046875
22779,66.4375
22780,67.57421875
22781,68.7109375
22782,69.84765625
22783,105.9140625
22784,107.05078125
22785,108.1875
22786,109.32421875
22787,110.4609375
22788,111.59375
22789,141.8125
22790,142.94921875
22791,144.0859375
22792,145.21875
22793,146.35546875
22794,147.4921875
22795,148.62890625
22796,139.9453125
22797,141.08203125
22798,142.21875
22799,143.35546875
22800,98.7109375
22801,99.84375
22802,100.98046875
22803,102.1171875
22804,103.25390625
22805,104.38671875
22806,105.5234375
22807,141.59375
22808,142.73046875
22809,143.86328125
22810,145.0
22811,146.13671875
22812,147.2734375
22813,177.48828125
22814,178.625
22815,179.76171875
22816,180.8984375
22817,182.03515625
22818,183.16796875
22819,184.3046875
22820,175.625
22821,176.76171875
22822,177.89453125
22823,179.03125
22824,98.83984375
22825,99.9765625
22826,101.109375
22827,102.24609375
22828,103.3828125
22829,104.51953125
22830,105.65234375
22831,141.72265625
22832,142.859375
22833,143.99609375
22834,145.12890625
22835,146.265625
22836,147.40234375
22837,177.62109375
22838,178.7578125
22839,179.890625
22840,181.02734375
22841,182.1640625
22842,183.30078125
22843,184.43359375
22844,175.75390625
22845,176.890625
22846,178.02734375
22847,179.16015625
22848,65.62890625
22849,66.765625
22850,67.90234375
22851,69.0390625
22852,70.17578125
22853,71.30859375
22854,72.4453125
22855,108.515625
22856,109.65234375
22857,110.78515625
22858,111.921875
22859,113.05859375
22860,114.1953125
22861,144.41015625
22862,145.546875
22863,146.68359375
22864,147.8203125
22865,148.953125
22866,150.08984375
22867,151.2265625
22868,142.546875
22869,143.68359375
22870,144.81640625
22871,145.953125
22872,103.515625
22873,104.65234375
22874,105.7890625
22875,106.92578125
22876,108.0625
22877,109.1953125
22878,110.33203125
22879,146.40234375
22880,147.5390625
22881,148.671875
22882,149.80859375
22883,150.9453125
22884,152.08203125
22885,182.296875
22886,183.43359375
22887,184.5703125
22888,185.70703125
22889,186.83984375
22890,187.9765625
22891,189.11328125
22892,180.43359375
22893,181.56640625
22894,182.703125
22895,183.83984375
22896,97.01953125
22897,98.15625
22898,99.29296875
22899,100.42578125
22900,101.5625
22901,102.69921875
22902,103.8359375
22903,139.90625
22904,141.0390625
22905,142.17578125
22906,143.3125
22907,144.44921875
22908,145.58203125
22909,175.80078125
22910,176.9375
22911,178.07421875
22912,179.20703125
22913,180.34375
22914,181.48046875
22915,182.6171875
22916,173.93359375
22917,175.0703125
22918,176.20703125
22919,177.34375
22920,66.01953125
22921,67.15625
22922,68.29296875
22923,69.4296875
22924,70.5625
22925,71.69921875
22926,72.8359375
22927,108.90625
22928,110.0390625
22929,111.17578125
22930,112.3125
22931,113.44921875
22932,114.5859375
22933,144.80078125
22934,145.9375
22935,147.07421875
22936,148.2109375
22937,149.34375
22938,150.48046875
22939,151.6171875
22940,142.9375
22941,144.0703125
22942,145.20703125
22943,146.34375
22944,101.69921875
22945,102.8359375
22946,103.96875
22947,105.10546875
22948,106.2421875
22949,107.37890625
22950,108.51171875
22951,144.58203125
22952,145.71875
22953,146.85546875
22954,147.98828125
22955,149.125
22956,150.26171875
22957,180.48046875
22958,181.61328125
22959,182.75
22960,183.88671875
22961,185.0234375
22962,186.16015625
22963,187.29296875
22964,178.61328125
22965,179.75
22966,180.88671875
22967,182.01953125
22968,95.203125
22969,96.3359375
22970,97.47265625
22971,98.609375
22972,99.74609375
22973,100.87890625
22974,102.015625
22975,138.0859375
22976,139.22265625
22977,140.35546875
22978,141.4921875
22979,142.62890625
22980,143.765625
22981,173.98046875
22982,175.1171875
22983,176.25390625
22984,177.390625
22985,178.52734375
22986,179.66015625
22987,180.796875
22988,172.1171875
22989,173.25390625
22990,174.38671875
22991,175.5234375
22992,64.203125
22993,65.3359375
22994,66.47265625
22995,67.609375
22996,68.74609375
22997,69.8828125
22998,71.015625
22999,107.0859375
23000,108.22265625
23001,109.359375
23002,110.4921875
23003,111.62890625
23004,112.765625
23005,142.984375
23006,144.1171875
23007,145.25390625
23008,146.390625
23009,147.52734375
23010,148.66015625
23011,149.796875
23012,141.1171875
23013,142.25390625
23014,143.38671875
23015,144.5234375
23016,99.87890625
23017,101.015625
23018,102.15234375
23019,103.28515625
23020,104.421875
23021,105.55859375
23022,106.6953125
23023,142.76171875
23024,143.8984375
23025,145.03515625
23026,146.171875
23027,147.30859375
23028,148.44140625
23029,178.66015625
23030,179.796875
23031,180.93359375
23032,182.06640625
23033,183.203125
23034,184.33984375
23035,185.4765625
23036,176.79296875
23037,177.9296875
23038,179.06640625
23039,180.203125
23040,95.58984375
23041,96.7265625
23042,97.86328125
23043,99.0
23044,100.1328125
23045,101.26953125
23046,102.40625
23047,138.4765625
23048,139.61328125
23049,140.74609375
23050,141.8828125
23051,143.01953125
23052,144.15625
23053,174.37109375
23054,175.5078125
23055,176.64453125
23056,177.78125
23057,178.9140625
23058,180.05078125
23059,181.1875
23060,172.5078125
23061,173.640625
23062,174.77734375
23063,175.9140625
23064,103.38671875
23065,104.5234375
23066,105.66015625
23067,106.79296875
23068,107.9296875
23069,109.06640625
23070,110.203125
23071,146.2734375
23072,147.40625
23073,148.54296875
23074,149.6796875
23075,150.81640625
23076,151.94921875
23077,182.16796875
23078,183.3046875
23079,184.44140625
23080,185.57421875
23081,186.7109375
23082,187.84765625
23083,188.984375
23084,180.30078125
23085,181.4375
23086,182.57421875
23087,183.7109375
23088,101.1796875
23089,102.3125
23090,103.44921875
23091,104.5859375
23092,105.72265625
23093,106.85546875
23094,107.9921875
23095,144.0625
23096,145.19921875
23097,146.3359375
23098,147.46875
23099,148.60546875
23100,149.7421875
23101,179.9609375
23102,181.09375
23103,182.23046875
23104,183.3671875
23105,184.50390625
23106,185.63671875
23107,186.7734375
23108,178.09375
23109,179.23046875
23110,180.36328125
23111,181.5
23112,98.96875
23113,100.10546875
23114,101.2421875
23115,102.375
23116,103.51171875
23117,104.6484375
23118,105.78515625
23119,141.8515625
23120,142.98828125
23121,144.125
23122,145.26171875
23123,146.3984375
23124,147.53125
23125,177.75
23126,178.88671875
23127,180.0234375
23128,181.15625
23129,182.29296875
23130,183.4296875
23131,184.56640625
23132,175.8828125
23133,177.01953125
23134,178.15625
23135,179.29296875
23136,96.76171875
23137,97.89453125
23138,99.03125
23139,100.16796875
23140,101.3046875
23141,102.4375
23142,103.57421875
23143,139.64453125
23144,140.78125
23145,141.9140625
23146,143.05078125
23147,144.1875
23148,145.32421875
23149,175.54296875
23150,176.67578125
23151,177.8125
23152,178.94921875
23153,180.0859375
23154,181.21875
23155,182.35546875
23156,173.67578125
23157,174.8125
23158,175.9453125
23159,177.08203125
23160,94.55078125
23161,95.6875
23162,96.82421875
23163,97.95703125
23164,99.09375
23165,100.23046875
23166,101.3671875
23167,137.43359375
23168,138.5703125
23169,139.70703125
23170,140.84375
23171,141.9765625
23172,143.11328125
23173,173.33203125
23174,174.46875
23175,175.60546875
23176,176.73828125
23177,177.875
23178,179.01171875
23179,180.1484375
23180,171.46484375
23181,172.6015625
23182,173.73828125
23183,174.875
23184,65.62890625
23185,66.765625
23186,67.90234375
23187,69.0390625
23188,70.17578125
23189,71.30859375
23190,72.4453125
23191,108.515625
23192,109.65234375
23193,110.78515625
23194,111.921875
23195,113.05859375
23196,114.1953125
23197,144.41015625
23198,145.546875
23199,146.68359375
23200,147.8203125
23201,148.953125
23202,150.08984375
23203,151.2265625
23204,142.546875
23205,143.68359375
23206,144.81640625
23207,145.953125
23208,63.421875
23209,64.55859375
23210,65.6953125
23211,66.828125
23212,67.96484375
23213,69.1015625
23214,70.23828125
23215,106.3046875
23216,107.44140625
23217,108.578125
23218,109.71484375
23219,110.84765625
23220,111.984375
23221,142.203125
23222,143.33984375
23223,144.47265625
23224,145.609375
23225,146.74609375
23226,147.8828125
23227,149.015625
23228,140.3359375
23229,141.47265625
23230,142.609375
23231,143.74609375
23232,103.38671875
23233,104.5234375
23234,105.66015625
23235,106.79296875
23236,107.9296875
23237,109.06640625
23238,110.203125
23239,146.2734375
23240,147.40625
23241,148.54296875
23242,149.6796875
23243,150.81640625
23244,151.94921875
23245,182.16796875
23246,183.3046875
23247,184.44140625
23248,185.57421875
23249,186.7109375
23250,187.84765625
23251,188.984375
23252,180.30078125
23253,181.4375
23254,182.57421875
23255,183.7109375
23256,101.1796875
23257,102.3125
23258,103.44921875
23259,104.5859375
23260,105.72265625
23261,106.85546875
23262,107.9921875
23263,144.0625
23264,145.19921875
23265,146.3359375
23266,147.46875
23267,148.60546875
23268,149.7421875
23269,179.9609375
23270,181.09375
23271,182.23046875
23272,183.3671875
23273,184.50390625
23274,185.63671875
23275,186.7734375
23276,178.09375
23277,179.23046875
23278,180.36328125
23279,181.5
23280,98.96875
23281,100.10546875
23282,101.2421875
23283,102.375
23284,103.51171875
23285,104.6484375
23286,105.78515625
23287,141.8515625
23288,142.98828125
23289,144.125
23290,145.26171875
23291,146.3984375
23292,147.53125
23293,177.75
23294,178.88671875
23295,180.0234375
23296,181.15625
23297,182.29296875
23298,183.4296875
23299,184.56640625
23300,175.8828125
23301,177.01953125
23302,178.15625
23303,179.29296875
23304,96.76171875
23305,97.89453125
23306,99.03125
23307,100.16796875
23308,101.3046875
23309,102.4375
23310,103.57421875
23311,139.64453125
23312,140.78125
23313,141.9140625
23314,143.05078125
23315,144.1875
23316,145.32421875
23317,175.54296875
23318,176.67578125
23319,177.8125
23320,178.94921875
23321,180.0859375
23322,181.21875
23323,182.35546875
23324,173.67578125
23325,174.8125
23326,175.9453125
23327,177.08203125
23328,94.55078125
23329,95.6875
23330,96.82421875
23331,97.95703125
23332,99.09375
23333,100.23046875
23334,101.3671875
23335,137.43359375
23336,138.5703125
23337,139.70703125
23338,140.84375
23339,141.9765625
23340,143.11328125
23341,173.33203125
23342,174.46875
23343,175.60546875
23344,176.73828125
23345,177.875
23346,179.01171875
23347,180.1484375
23348,171.46484375
23349,172.6015625
23350,173.73828125
23351,174.875
23352,65.62890625
23353,66.765625
23354,67.90234375
23355,69.0390625
23356,70.17578125
23357,71.30859375
23358,72.4453125
23359,108.515625
23360,109.65234375
23361,110.78515625
23362,111.921875
23363,113.05859375
23364,114.1953125
23365,144.41015625
23366,145.546875
23367,146.68359375
23368,147.8203125
23369,148.953125
23370,150.08984375
23371,151.2265625
23372,142.546875
23373,143.68359375
23374,144.81640625
23375,145.953125
23376,63.421875
23377,64.55859375
23378,65.6953125
23379,66.828125
23380,67.96484375
23381,69.1015625
23382,70.23828125
23383,106.3046875
23384,107.44140625
23385,108.578125
23386,109.71484375
23387,110.84765625
23388,111.984375
23389,142.203125
23390,143.33984375
23391,144.47265625
23392,145.609375
23393,146.74609375
23394,147.8828125
23395,149.015625
23396,140.3359375
23397,141.47265625
23398,142.609375
23399,143.74609375
